fam0	26
fam0	17
fam0	36
fam0	16
fam0	15
fam0	23
fam0	15
fam0	21
fam0	25
fam0	8
fam0	7
fam0	14
fam0	13
fam0	14
fam0	45
fam0	24
fam0	43
fam0	15
fam0	9
fam0	19
fam0	16
fam0	8
fam0	8
fam0	7
fam0	8
fam0	17
fam0	11
fam0	13
fam0	28
fam0	8
fam0	22
fam0	15
fam0	7
fam0	15
fam0	8
fam0	7
fam0	12
fam0	10
fam0	19
fam0	9
fam0	17
fam0	22
fam0	15
fam0	15
fam0	9
fam0	8
fam0	24
fam0	15
fam0	15
fam0	10
fam0	15
fam0	7
fam0	8
fam0	7
fam0	17
fam0	8
fam0	9
fam0	23
fam0	35
fam0	9
fam0	43
fam0	43
fam0	7
fam0	8
fam0	18
fam0	16
fam0	17
fam0	17
fam0	24
fam0	19
fam0	8
fam0	19
fam0	9
fam0	16
fam0	22
fam0	12
fam0	22
fam0	17
fam0	22
fam0	9
fam0	11
fam0	9
fam0	22
fam0	23
fam0	9
fam0	13
fam0	16
fam0	8
fam0	15
fam0	18
fam0	7
fam0	8
fam0	15
fam0	9
fam0	23
fam0	18
fam0	14
fam0	15
fam0	18
fam0	9
fam0	9
fam0	10
fam0	10
fam0	7
fam0	11
fam0	15
fam0	29
fam0	36
fam0	16
fam0	22
fam0	15
fam0	31
fam0	8
fam0	22
fam0	8
fam0	15
fam0	8
fam0	19
fam0	9
fam0	14
fam0	13
fam0	15
fam0	14
fam0	14
fam0	17
fam0	32
fam0	16
fam0	11
fam0	24
fam0	15
fam0	16
fam0	33
fam0	8
fam0	28
fam0	15
fam0	15
fam0	15
fam0	15
fam0	9
fam0	8
fam0	7
fam0	35
fam0	23
fam0	43
fam0	43
fam0	9
fam0	17
fam0	29
fam0	15
fam0	29
fam0	17
fam0	15
fam0	12
fam0	19
fam0	22
fam0	30
fam0	9
fam0	16
fam0	23
fam0	22
fam0	15
fam0	17
fam0	29
fam0	13
fam0	23
fam0	8
fam0	10
fam0	10
fam0	15
fam0	16
fam0	15
fam0	22
fam0	8
fam0	21
fam0	12
fam0	22
fam0	15
fam0	10
fam0	14
fam0	7
fam0	14
fam0	13
fam0	8
fam0	26
fam0	16
fam0	29
fam0	17
fam0	10
fam0	8
fam0	11
fam0	15
fam0	17
fam0	17
fam0	8
fam0	16
fam0	14
fam0	14
fam0	6
fam0	17
fam0	8
fam0	21
fam0	8
fam0	23
fam0	8
fam0	24
fam0	8
fam0	21
fam0	17
fam0	6
fam0	15
fam0	16
fam0	27
fam0	14
fam0	13
fam0	17
fam0	8
fam0	8
fam0	24
fam0	18
fam0	23
fam0	26
fam0	7
fam0	18
fam0	16
fam0	13
fam0	10
fam0	7
fam0	16
fam0	18
fam0	9
fam0	7
fam0	8
fam0	26
fam0	15
fam0	9
fam0	15
fam0	8
fam0	15
fam0	8
fam0	10
fam0	17
fam0	8
fam0	18
fam0	15
fam0	12
fam0	17
fam0	8
fam0	7
fam0	19
fam0	16
fam0	9
fam0	56
fam0	66
fam0	9
fam0	10
fam0	17
fam0	8
fam0	17
fam0	12
fam0	15
fam0	17
fam0	8
fam0	10
fam0	22
fam0	15
fam0	22
fam0	15
fam0	23
fam0	8
fam0	29
fam0	43
fam0	9
fam0	24
fam0	27
fam0	23
fam0	9
fam0	17
fam0	15
fam0	7
fam0	10
fam0	8
fam0	18
fam0	7
fam0	16
fam0	9
fam0	10
fam0	17
fam0	22
fam0	11
fam0	17
fam0	10
fam0	17
fam0	8
fam0	8
fam0	15
fam0	24
fam0	45
fam0	42
fam0	9
fam0	23
fam0	43
fam0	9
fam0	45
fam0	14
fam0	20
fam0	22
fam0	15
fam0	16
fam0	8
fam0	16
fam0	27
fam0	29
fam0	9
fam0	7
fam0	7
fam0	15
fam0	8
fam0	8
fam0	8
fam0	11
fam0	15
fam0	8
fam0	12
fam0	8
fam0	9
fam0	29
fam0	43
fam0	28
fam0	17
fam0	29
fam0	26
fam0	8
fam0	26
fam0	24
fam0	30
fam0	17
fam0	8
fam0	22
fam0	21
fam0	15
fam0	8
fam0	22
fam0	8
fam0	8
fam0	22
fam0	15
fam0	21
fam0	21
fam0	15
fam0	8
fam0	16
fam0	14
fam0	29
fam0	8
fam0	15
fam0	17
fam0	8
fam0	17
fam0	7
fam0	21
fam0	11
fam0	17
fam0	14
fam0	8
fam0	39
fam0	27
fam0	15
fam0	24
fam0	22
fam0	12
fam0	10
fam0	23
fam0	15
fam0	15
fam0	18
fam0	21
fam0	7
fam0	15
fam0	38
fam0	24
fam0	25
fam0	15
fam0	17
fam0	16
fam0	15
fam0	29
fam0	8
fam0	34
fam0	42
fam0	34
fam0	42
fam0	26
fam0	46
fam0	25
fam0	16
fam0	29
fam0	26
fam0	7
fam0	21
fam0	22
fam0	25
fam0	24
fam0	8
fam0	23
fam0	8
fam0	25
fam0	21
fam0	8
fam0	14
fam0	22
fam0	7
fam0	15
fam0	16
fam0	17
fam0	7
fam0	7
fam0	16
fam0	8
fam0	10
fam0	16
fam0	15
fam0	24
fam0	9
fam0	32
fam0	14
fam0	11
fam0	14
fam0	29
fam0	29
fam0	14
fam0	14
fam0	29
fam0	14
fam0	29
fam0	30
fam0	32
fam0	17
fam0	15
fam0	9
fam0	14
fam0	15
fam0	16
fam0	29
fam0	8
fam0	26
fam0	39
fam0	25
fam0	13
fam0	31
fam0	31
fam0	25
fam0	51
fam0	25
fam0	39
fam0	31
fam0	13
fam0	16
fam0	10
fam0	8
fam0	5
fam0	45
fam0	38
fam0	29
fam0	36
fam0	18
fam0	10
fam0	14
fam0	16
fam0	25
fam0	15
fam0	15
fam0	25
fam0	34
fam0	14
fam0	15
fam0	25
fam0	14
fam0	11
fam0	9
fam0	27
fam0	30
fam0	24
fam0	16
fam0	16
fam0	10
fam0	13
fam0	9
fam0	18
fam0	7
fam0	10
fam0	9
fam0	8
fam0	22
fam0	13
fam0	12
fam0	10
fam0	8
fam0	26
fam0	31
fam0	16
fam0	22
fam0	16
fam0	9
fam0	15
fam0	8
fam0	22
fam0	7
fam0	28
fam0	23
fam0	15
fam0	13
fam0	21
fam0	17
fam0	23
fam0	14
fam0	9
fam0	15
fam0	38
fam0	15
fam0	31
fam0	8
fam0	18
fam0	9
fam0	11
fam0	17
fam0	9
fam0	22
fam0	27
fam0	8
fam0	8
fam0	8
fam0	23
fam0	8
fam0	15
fam0	23
fam0	43
fam0	16
fam0	29
fam0	29
fam0	19
fam0	9
fam0	10
fam0	14
fam0	15
fam0	15
fam0	19
fam0	9
fam0	26
fam0	16
fam0	3
fam0	29
fam0	14
fam0	13
fam0	8
fam0	7
fam0	7
fam0	13
fam0	15
fam0	24
fam0	26
fam0	12
fam0	15
fam0	18
fam0	22
fam0	9
fam0	11
fam0	9
fam0	8
fam0	15
fam0	15
fam0	19
fam0	15
fam0	8
fam0	12
fam0	8
fam0	8
fam0	23
fam0	22
fam0	24
fam0	16
fam0	17
fam0	19
fam0	36
fam0	10
fam0	18
fam0	36
fam0	22
fam0	13
fam0	30
fam0	15
fam0	24
fam0	8
fam0	7
fam0	9
fam0	19
fam0	15
fam0	14
fam0	16
fam0	15
fam0	8
fam0	19
fam0	8
fam0	29
fam0	17
fam0	15
fam0	24
fam0	8
fam0	15
fam0	15
fam0	40
fam0	43
fam0	23
fam0	14
fam0	23
fam0	26
fam0	15
fam0	24
fam0	21
fam0	29
fam0	19
fam0	13
fam0	8
fam0	11
fam0	8
fam0	5
fam0	10
fam0	8
fam0	19
fam0	15
fam0	16
fam0	14
fam0	15
fam0	15
fam0	36
fam0	10
fam0	22
fam0	22
fam0	15
fam0	9
fam0	8
fam0	8
fam0	7
fam0	10
fam0	15
fam0	25
fam0	13
fam0	9
fam0	15
fam0	10
fam0	17
fam0	13
fam0	11
fam0	29
fam0	15
fam0	22
fam0	36
fam0	16
fam0	8
fam0	31
fam0	22
fam0	15
fam0	19
fam0	17
fam0	17
fam0	17
fam0	22
fam0	22
fam0	22
fam0	17
fam0	30
fam0	18
fam0	8
fam0	9
fam0	7
fam0	15
fam0	8
fam0	8
fam0	11
fam0	8
fam0	8
fam0	12
fam0	14
fam0	24
fam0	6
fam0	24
fam0	15
fam0	14
fam0	7
fam0	22
fam0	24
fam0	15
fam0	8
fam0	8
fam0	35
fam0	15
fam0	22
fam0	36
fam0	16
fam0	8
fam0	24
fam0	29
fam0	15
fam0	10
fam0	9
fam0	6
fam0	19
fam0	8
fam0	17
fam0	12
fam0	18
fam0	10
fam0	15
fam0	8
fam0	17
fam0	8
fam0	8
fam0	29
fam0	9
fam0	43
fam0	17
fam0	26
fam0	22
fam0	10
fam0	15
fam0	15
fam0	17
fam0	15
fam0	36
fam0	10
fam0	15
fam0	7
fam0	22
fam0	13
fam0	8
fam0	8
fam0	45
fam0	9
fam0	43
fam0	15
fam0	24
fam0	13
fam0	32
fam0	15
fam0	12
fam0	15
fam0	9
fam0	9
fam0	8
fam0	20
fam0	43
fam0	28
fam0	30
fam0	10
fam0	7
fam0	7
fam0	22
fam0	13
fam0	18
fam0	15
fam0	22
fam0	9
fam0	8
fam0	15
fam0	43
fam0	10
fam0	9
fam0	15
fam0	29
fam0	22
fam0	16
fam0	25
fam0	8
fam0	15
fam0	15
fam0	23
fam0	14
fam0	8
fam0	17
fam0	6
fam0	28
fam0	16
fam0	7
fam0	8
fam0	18
fam0	8
fam0	16
fam0	21
fam0	17
fam0	14
fam0	15
fam0	10
fam0	11
fam0	8
fam0	16
fam0	18
fam0	8
fam0	8
fam0	7
fam1	4
fam1	2
fam1	2
fam1	2
fam1	2
fam1	2
fam1	1
fam1	1
fam1	1
fam1	2
fam1	1
fam1	1
fam1	1
fam1	4
fam1	4
fam1	1
fam1	2
fam1	3
fam1	2
fam1	2
fam1	1
fam1	2
fam1	0
fam1	2
fam1	2
fam1	2
fam1	2
fam1	2
fam1	2
fam1	6
fam1	2
fam1	2
fam1	2
fam1	2
fam1	1
fam1	1
fam1	1
fam1	1
fam1	1
fam1	1
fam1	1
fam1	1
fam1	2
fam1	1
fam1	1
fam1	2
fam1	1
fam1	1
fam1	1
fam1	2
fam1	1
fam1	2
fam1	4
fam1	1
fam1	1
fam1	2
fam1	1
fam1	1
fam1	2
fam1	1
fam1	2
fam1	2
fam1	1
fam1	1
fam1	1
fam1	2
fam1	2
fam1	1
fam1	1
fam1	2
fam1	2
fam1	1
fam1	1
fam1	2
fam1	1
fam1	2
fam1	2
fam1	2
fam1	1
fam1	2
fam1	1
fam1	1
fam1	2
fam1	2
fam1	0
fam1	1
fam1	1
fam1	2
fam1	1
fam1	1
fam1	2
fam1	1
fam1	5
fam1	2
fam1	3
fam1	2
fam1	2
fam1	2
fam1	2
fam1	1
fam1	2
fam1	2
fam1	2
fam1	3
fam1	2
fam1	2
fam1	2
fam1	1
fam1	4
fam1	2
fam1	2
fam1	2
fam1	1
fam1	1
fam1	3
fam1	1
fam1	2
fam1	1
fam1	3
fam1	2
fam1	2
fam1	2
fam1	2
fam1	2
fam1	2
fam1	3
fam1	2
fam1	2
fam1	2
fam1	1
fam1	1
fam1	1
fam1	1
fam1	2
fam1	1
fam1	1
fam1	1
fam1	2
fam1	2
fam1	2
fam1	1
fam1	1
fam1	2
fam1	3
fam1	3
fam1	2
fam1	2
fam1	2
fam1	2
fam1	2
fam1	2
fam1	2
fam1	2
fam1	1
fam1	3
fam1	2
fam1	1
fam1	2
fam1	3
fam1	1
fam1	2
fam1	0
fam1	2
fam1	2
fam1	2
fam1	2
fam1	1
fam1	1
fam1	2
fam1	3
fam1	2
fam1	2
fam1	2
fam1	2
fam1	1
fam1	2
fam1	3
fam1	2
fam1	3
fam1	2
fam1	2
fam1	2
fam1	1
fam1	3
fam1	2
fam1	2
fam1	2
fam1	2
fam1	2
fam1	2
fam1	2
fam1	2
fam1	2
fam1	3
fam1	3
fam1	2
fam1	1
fam1	3
fam1	1
fam1	1
fam1	1
fam1	1
fam1	1
fam1	1
fam1	1
fam1	1
fam1	1
fam1	2
fam1	1
fam1	3
fam1	1
fam1	3
fam1	1
fam1	0
fam1	3
fam1	2
fam1	1
fam1	2
fam1	3
fam1	1
fam1	3
fam1	1
fam1	1
fam1	2
fam1	2
fam1	0
fam1	1
fam1	1
fam1	1
fam1	2
fam1	1
fam1	2
fam1	1
fam1	1
fam1	3
fam1	3
fam1	1
fam1	1
fam1	2
fam1	1
fam1	3
fam1	1
fam1	2
fam1	2
fam1	1
fam1	3
fam1	3
fam1	1
fam1	1
fam1	1
fam1	1
fam1	1
fam1	2
fam1	1
fam1	2
fam1	3
fam1	0
fam1	1
fam1	1
fam1	1
fam1	1
fam1	1
fam1	1
fam1	1
fam1	3
fam1	1
fam1	2
fam1	1
fam1	1
fam1	1
fam1	1
fam1	2
fam1	1
fam1	1
fam1	1
fam1	3
fam1	1
fam1	2
fam1	1
fam1	1
fam1	3
fam1	1
fam1	3
fam1	1
fam1	1
fam1	2
fam1	1
fam1	1
fam1	3
fam1	1
fam1	1
fam1	3
fam1	1
fam1	3
fam1	1
fam1	1
fam1	3
fam1	1
fam1	3
fam1	1
fam1	1
fam1	2
fam1	3
fam1	1
fam1	1
fam1	1
fam1	1
fam1	1
fam1	1
fam1	1
fam1	1
fam1	2
fam1	1
fam1	2
fam1	2
fam1	1
fam1	2
fam1	1
fam1	1
fam1	2
fam1	3
fam1	3
fam1	3
fam1	3
fam1	3
fam1	2
fam1	2
fam1	1
fam1	1
fam1	2
fam1	1
fam1	1
fam1	1
fam1	1
fam1	3
fam1	1
fam1	3
fam1	3
fam1	1
fam1	3
fam1	3
fam1	3
fam1	1
fam1	1
fam1	1
fam1	1
fam1	1
fam1	2
fam1	2
fam1	1
fam1	1
fam1	2
fam1	2
fam1	2
fam1	1
fam1	2
fam1	1
fam1	2
fam1	2
fam1	2
fam1	2
fam1	2
fam1	1
fam1	2
fam1	2
fam1	2
fam1	1
fam1	2
fam1	2
fam1	2
fam1	2
fam1	2
fam1	2
fam1	2
fam1	2
fam1	2
fam1	2
fam1	2
fam1	2
fam1	2
fam1	2
fam1	2
fam1	2
fam1	2
fam1	1
fam1	1
fam1	1
fam1	3
fam1	1
fam1	3
fam1	1
fam1	2
fam1	1
fam1	2
fam1	2
fam1	2
fam1	1
fam1	2
fam1	2
fam1	2
fam1	3
fam1	2
fam1	2
fam1	2
fam1	1
fam1	1
fam1	2
fam1	2
fam1	2
fam1	1
fam1	4
fam1	2
fam1	1
fam1	4
fam1	1
fam1	2
fam1	0
fam1	2
fam1	1
fam1	2
fam1	2
fam1	2
fam1	1
fam1	1
fam1	1
fam1	1
fam1	2
fam1	1
fam1	2
fam1	2
fam1	3
fam1	2
fam1	2
fam1	2
fam1	2
fam1	2
fam1	1
fam1	1
fam1	1
fam1	1
fam1	2
fam1	2
fam1	2
fam1	2
fam1	2
fam1	2
fam1	2
fam1	2
fam1	1
fam1	2
fam1	3
fam1	2
fam1	0
fam1	1
fam1	4
fam1	2
fam1	2
fam1	2
fam1	2
fam1	1
fam1	1
fam1	1
fam1	2
fam1	1
fam1	2
fam1	2
fam1	1
fam1	1
fam1	2
fam1	2
fam1	4
fam1	1
fam1	1
fam1	2
fam1	2
fam1	4
fam1	2
fam1	2
fam1	2
fam1	2
fam1	1
fam1	1
fam1	3
fam1	2
fam1	2
fam1	2
fam1	1
fam1	1
fam1	4
fam1	2
fam1	2
fam1	2
fam1	2
fam1	2
fam1	2
fam1	2
fam1	1
fam1	1
fam1	1
fam1	1
fam1	2
fam1	2
fam1	1
fam1	2
fam1	1
fam1	2
fam1	2
fam1	2
fam1	1
fam1	1
fam1	2
fam1	3
fam1	1
fam1	3
fam1	2
fam1	2
fam1	2
fam1	2
fam1	3
fam1	1
fam1	1
fam1	1
fam1	5
fam1	2
fam1	4
fam1	4
fam1	1
fam1	1
fam1	2
fam1	1
fam1	2
fam1	2
fam1	1
fam1	1
fam1	1
fam1	1
fam1	1
fam1	2
fam1	1
fam1	1
fam1	3
fam1	3
fam1	2
fam1	2
fam1	2
fam1	1
fam1	1
fam1	0
fam1	1
fam1	1
fam1	3
fam1	1
fam1	2
fam1	1
fam1	2
fam1	3
fam1	1
fam1	2
fam1	2
fam1	1
fam1	2
fam1	1
fam1	3
fam1	2
fam1	2
fam1	1
fam1	3
fam1	3
fam1	3
fam1	1
fam1	1
fam1	3
fam1	1
fam1	1
fam1	2
fam1	2
fam1	1
fam1	3
fam1	4
fam1	1
fam1	3
fam1	2
fam1	1
fam1	2
fam1	1
fam1	1
fam1	1
fam1	1
fam1	1
fam1	1
fam1	1
fam1	1
fam1	1
fam1	1
fam1	1
fam1	1
fam1	1
fam1	2
fam1	2
fam1	2
fam1	2
fam1	2
fam1	2
fam1	2
fam1	1
fam1	2
fam1	2
fam1	4
fam1	2
fam1	2
fam1	1
fam1	1
fam1	5
fam1	3
fam1	2
fam1	1
fam1	3
fam1	2
fam1	1
fam1	1
fam1	2
fam1	2
fam1	1
fam1	1
fam1	1
fam1	2
fam1	2
fam1	1
fam1	2
fam1	2
fam1	2
fam1	2
fam1	2
fam1	2
fam1	2
fam1	3
fam1	4
fam1	3
fam1	1
fam1	2
fam1	0
fam1	1
fam1	4
fam1	2
fam1	1
fam1	1
fam1	2
fam1	1
fam1	2
fam1	1
fam1	1
fam1	2
fam1	4
fam1	1
fam1	1
fam1	1
fam1	1
fam1	1
fam1	3
fam1	4
fam1	1
fam1	2
fam1	1
fam1	2
fam1	2
fam1	2
fam1	2
fam1	3
fam1	1
fam1	2
fam1	1
fam1	2
fam1	4
fam1	2
fam1	2
fam1	2
fam1	2
fam1	2
fam1	2
fam1	1
fam1	2
fam1	2
fam1	1
fam1	2
fam1	1
fam1	1
fam1	1
fam1	1
fam1	1
fam1	2
fam1	2
fam1	1
fam1	2
fam1	4
fam1	3
fam1	1
fam1	1
fam1	2
fam1	2
fam1	2
fam1	2
fam1	2
fam1	2
fam1	1
fam1	2
fam1	1
fam1	1
fam1	1
fam1	1
fam1	1
fam1	1
fam1	1
fam1	2
fam1	2
fam1	2
fam1	2
fam1	1
fam1	2
fam1	1
fam1	1
fam1	1
fam1	1
fam1	1
fam1	1
fam1	1
fam1	0
fam1	1
fam1	3
fam1	3
fam1	1
fam1	1
fam1	1
fam1	1
fam1	2
fam1	2
fam1	2
fam1	1
fam1	1
fam1	4
fam1	4
fam1	6
fam1	2
fam10	8
fam10	8
fam10	33
fam10	11
fam10	11
fam10	26
fam10	6
fam10	14
fam10	8
fam10	32
fam10	6
fam10	14
fam10	19
fam10	23
fam10	23
fam10	13
fam10	15
fam10	18
fam10	27
fam10	8
fam10	9
fam10	10
fam10	22
fam10	8
fam10	18
fam10	10
fam10	34
fam10	13
fam10	8
fam10	19
fam10	8
fam10	17
fam10	11
fam10	23
fam10	7
fam10	16
fam10	23
fam10	18
fam10	22
fam10	15
fam10	14
fam10	21
fam10	9
fam10	6
fam10	16
fam10	10
fam10	12
fam10	7
fam10	14
fam10	24
fam10	9
fam10	2
fam10	2
fam10	10
fam10	34
fam10	20
fam10	6
fam10	11
fam10	21
fam10	11
fam10	15
fam10	16
fam10	18
fam10	22
fam10	8
fam10	23
fam10	23
fam10	16
fam10	15
fam10	7
fam10	13
fam10	9
fam10	8
fam10	18
fam10	11
fam10	21
fam10	9
fam10	20
fam10	24
fam10	28
fam10	34
fam10	13
fam10	24
fam10	20
fam10	20
fam10	10
fam10	17
fam10	12
fam10	9
fam10	12
fam10	22
fam10	36
fam10	28
fam10	13
fam10	8
fam10	11
fam10	21
fam10	21
fam10	8
fam10	11
fam10	13
fam10	28
fam10	32
fam10	22
fam10	17
fam10	17
fam10	23
fam10	18
fam10	26
fam10	6
fam10	8
fam10	9
fam10	18
fam10	34
fam10	14
fam10	20
fam10	12
fam10	21
fam10	20
fam10	17
fam10	22
fam10	17
fam10	15
fam10	18
fam10	14
fam10	34
fam10	24
fam10	22
fam10	9
fam10	8
fam10	10
fam10	20
fam10	17
fam10	12
fam10	7
fam10	22
fam10	33
fam10	8
fam10	10
fam10	7
fam10	29
fam10	15
fam10	19
fam10	20
fam10	19
fam10	31
fam10	6
fam10	8
fam10	30
fam10	27
fam10	33
fam10	33
fam10	27
fam10	10
fam10	52
fam10	16
fam10	10
fam10	49
fam10	31
fam10	16
fam10	25
fam10	11
fam10	16
fam10	8
fam10	20
fam10	17
fam10	18
fam10	31
fam10	32
fam10	16
fam10	18
fam10	15
fam10	27
fam10	14
fam10	29
fam10	3
fam10	6
fam10	3
fam10	18
fam10	23
fam10	32
fam10	33
fam10	12
fam10	23
fam10	29
fam10	24
fam10	15
fam10	19
fam10	19
fam10	24
fam10	18
fam10	19
fam10	19
fam10	28
fam10	27
fam10	12
fam10	16
fam10	7
fam10	6
fam10	9
fam10	10
fam10	18
fam10	23
fam10	8
fam10	14
fam10	13
fam10	10
fam10	6
fam10	19
fam10	7
fam10	20
fam10	12
fam10	5
fam10	20
fam10	21
fam10	4
fam10	10
fam10	8
fam10	6
fam10	18
fam10	8
fam10	27
fam10	34
fam10	13
fam10	55
fam10	23
fam10	18
fam10	14
fam10	28
fam10	36
fam10	25
fam10	6
fam10	24
fam10	20
fam10	19
fam10	21
fam10	18
fam10	7
fam10	12
fam10	19
fam10	22
fam10	8
fam10	16
fam10	9
fam10	15
fam10	12
fam10	10
fam10	14
fam10	7
fam10	42
fam10	32
fam10	20
fam10	20
fam10	21
fam10	6
fam10	10
fam10	8
fam10	24
fam10	19
fam10	33
fam10	32
fam10	9
fam10	28
fam11	1
fam11	1
fam11	1
fam11	1
fam11	1
fam11	1
fam11	1
fam11	1
fam11	1
fam11	1
fam11	1
fam11	1
fam11	1
fam11	1
fam11	1
fam11	1
fam11	1
fam11	1
fam11	1
fam11	1
fam11	1
fam11	1
fam11	1
fam11	1
fam11	1
fam11	1
fam11	1
fam11	1
fam11	1
fam11	1
fam11	1
fam11	1
fam11	1
fam11	1
fam11	1
fam11	1
fam11	1
fam11	1
fam11	1
fam11	1
fam11	1
fam11	1
fam11	1
fam11	1
fam11	1
fam11	1
fam11	1
fam11	1
fam11	1
fam11	1
fam11	1
fam11	1
fam11	1
fam11	1
fam11	1
fam11	1
fam11	1
fam11	1
fam11	1
fam11	1
fam11	1
fam11	1
fam11	1
fam11	1
fam11	1
fam11	1
fam11	1
fam11	1
fam11	1
fam11	1
fam11	1
fam11	1
fam11	1
fam11	1
fam11	1
fam11	1
fam11	1
fam11	1
fam11	1
fam11	1
fam11	1
fam11	1
fam11	1
fam11	1
fam11	1
fam11	1
fam11	2
fam11	1
fam11	1
fam11	1
fam11	1
fam11	1
fam11	1
fam11	1
fam11	1
fam11	1
fam11	1
fam11	1
fam11	1
fam11	1
fam11	1
fam11	1
fam11	1
fam11	1
fam11	1
fam11	1
fam11	1
fam11	1
fam11	1
fam11	1
fam11	1
fam11	1
fam11	1
fam11	1
fam11	1
fam11	1
fam11	1
fam11	1
fam11	1
fam11	1
fam11	1
fam11	1
fam11	1
fam11	1
fam11	1
fam11	1
fam11	1
fam11	1
fam11	1
fam11	1
fam11	1
fam11	1
fam11	1
fam11	1
fam11	1
fam11	1
fam11	1
fam11	1
fam11	1
fam11	1
fam11	1
fam11	1
fam11	1
fam11	1
fam11	1
fam11	1
fam11	1
fam11	1
fam11	1
fam11	1
fam11	1
fam11	1
fam11	1
fam11	1
fam11	1
fam11	1
fam11	1
fam11	1
fam11	1
fam11	1
fam11	1
fam11	1
fam11	1
fam11	1
fam11	1
fam11	1
fam11	1
fam11	1
fam11	1
fam11	1
fam11	1
fam11	1
fam11	1
fam11	1
fam11	1
fam11	1
fam11	1
fam11	1
fam11	1
fam11	1
fam11	1
fam11	1
fam11	1
fam11	1
fam11	1
fam11	1
fam11	1
fam11	1
fam11	1
fam11	1
fam11	1
fam11	1
fam11	1
fam11	1
fam11	1
fam11	1
fam11	1
fam11	1
fam11	1
fam11	1
fam11	1
fam11	1
fam11	1
fam11	1
fam11	1
fam11	1
fam11	1
fam11	1
fam11	1
fam11	1
fam11	1
fam11	1
fam11	1
fam11	1
fam11	1
fam11	1
fam11	1
fam11	1
fam11	1
fam11	1
fam11	1
fam11	1
fam11	1
fam11	1
fam11	1
fam11	1
fam11	1
fam11	1
fam11	1
fam11	1
fam11	0
fam11	1
fam11	1
fam11	1
fam11	1
fam11	1
fam11	1
fam11	1
fam11	1
fam11	1
fam11	1
fam11	1
fam11	1
fam11	1
fam11	1
fam11	1
fam11	1
fam11	1
fam11	1
fam11	1
fam11	1
fam11	1
fam11	1
fam11	1
fam11	1
fam11	1
fam11	1
fam11	1
fam11	1
fam11	1
fam11	1
fam12	1
fam12	1
fam12	1
fam12	1
fam12	1
fam12	1
fam12	1
fam12	1
fam12	1
fam12	1
fam12	1
fam12	1
fam12	1
fam12	1
fam12	1
fam12	1
fam12	1
fam12	2
fam12	1
fam12	1
fam12	2
fam12	2
fam12	1
fam12	1
fam12	1
fam12	1
fam12	1
fam12	1
fam12	1
fam12	1
fam12	1
fam12	1
fam12	2
fam12	2
fam12	1
fam12	2
fam12	1
fam12	1
fam12	1
fam12	2
fam12	1
fam12	2
fam12	2
fam12	2
fam12	2
fam12	1
fam12	2
fam12	1
fam12	2
fam12	2
fam12	1
fam12	2
fam12	2
fam12	1
fam12	1
fam12	2
fam12	2
fam12	1
fam12	1
fam12	2
fam12	2
fam12	1
fam12	2
fam12	2
fam12	2
fam12	2
fam12	2
fam12	2
fam12	2
fam12	2
fam12	1
fam12	2
fam12	1
fam12	1
fam12	2
fam12	2
fam12	2
fam12	2
fam12	2
fam12	1
fam12	1
fam12	2
fam12	2
fam12	1
fam12	1
fam12	1
fam12	2
fam12	2
fam12	2
fam12	2
fam12	2
fam12	2
fam12	2
fam12	4
fam12	1
fam12	1
fam12	2
fam12	2
fam12	1
fam12	1
fam12	1
fam12	1
fam12	2
fam12	2
fam12	2
fam12	1
fam12	2
fam12	2
fam12	1
fam12	2
fam12	2
fam12	1
fam12	1
fam12	2
fam12	1
fam12	1
fam12	1
fam12	1
fam12	1
fam12	1
fam12	2
fam12	2
fam12	2
fam12	2
fam12	1
fam12	1
fam12	1
fam12	1
fam12	2
fam12	1
fam12	1
fam12	1
fam12	1
fam12	2
fam12	2
fam12	2
fam12	1
fam12	2
fam12	1
fam12	1
fam12	2
fam12	1
fam12	1
fam12	1
fam12	1
fam12	1
fam12	2
fam12	1
fam12	2
fam12	1
fam12	2
fam12	2
fam12	1
fam12	1
fam12	2
fam12	1
fam12	1
fam12	2
fam12	2
fam12	2
fam12	1
fam12	1
fam12	1
fam12	1
fam12	2
fam12	1
fam12	1
fam12	1
fam12	1
fam12	2
fam12	1
fam12	2
fam12	3
fam12	2
fam12	2
fam12	2
fam12	2
fam12	1
fam12	2
fam12	1
fam12	2
fam12	1
fam12	1
fam12	2
fam12	2
fam12	1
fam12	2
fam12	1
fam12	1
fam12	1
fam12	1
fam12	2
fam12	1
fam12	1
fam12	1
fam12	2
fam12	1
fam12	2
fam12	1
fam12	2
fam12	2
fam12	2
fam12	1
fam12	1
fam12	3
fam12	2
fam12	1
fam12	1
fam12	1
fam12	1
fam12	1
fam12	1
fam12	1
fam12	1
fam12	1
fam12	1
fam12	1
fam12	1
fam12	2
fam12	1
fam12	2
fam12	1
fam12	1
fam12	1
fam12	1
fam12	1
fam12	2
fam12	1
fam12	1
fam12	2
fam12	1
fam12	1
fam12	1
fam12	1
fam12	2
fam12	1
fam12	1
fam12	2
fam12	1
fam12	1
fam13	2
fam13	2
fam13	2
fam13	4
fam13	3
fam13	3
fam13	2
fam13	3
fam13	2
fam13	2
fam13	2
fam13	1
fam13	3
fam13	5
fam13	3
fam13	2
fam13	2
fam13	2
fam13	2
fam13	2
fam13	2
fam13	3
fam13	1
fam13	2
fam13	1
fam13	2
fam13	2
fam13	2
fam13	1
fam13	2
fam13	2
fam13	2
fam13	2
fam13	2
fam13	2
fam13	2
fam13	3
fam13	3
fam13	2
fam13	2
fam13	2
fam13	2
fam13	2
fam13	2
fam13	2
fam13	2
fam13	5
fam13	1
fam13	2
fam13	2
fam13	2
fam13	1
fam13	1
fam13	2
fam13	2
fam13	2
fam13	2
fam13	2
fam13	2
fam13	2
fam13	3
fam13	2
fam13	2
fam13	4
fam13	1
fam13	2
fam13	1
fam13	2
fam13	2
fam13	2
fam13	2
fam13	4
fam13	2
fam13	2
fam13	2
fam13	3
fam13	2
fam13	2
fam13	2
fam13	1
fam13	3
fam13	2
fam13	2
fam13	4
fam13	3
fam13	3
fam13	1
fam13	3
fam13	2
fam13	2
fam13	2
fam13	3
fam13	3
fam13	2
fam13	2
fam13	3
fam13	1
fam13	1
fam13	2
fam13	2
fam13	2
fam13	3
fam13	2
fam13	2
fam13	2
fam13	0
fam13	2
fam13	2
fam13	1
fam13	2
fam13	4
fam13	0
fam13	2
fam13	2
fam13	1
fam13	2
fam13	1
fam13	1
fam13	1
fam13	2
fam13	5
fam13	5
fam13	3
fam13	3
fam13	2
fam13	3
fam13	5
fam13	2
fam13	2
fam13	2
fam13	0
fam13	2
fam13	2
fam13	2
fam13	2
fam13	2
fam13	2
fam13	2
fam13	2
fam13	2
fam13	2
fam13	2
fam13	2
fam13	2
fam13	2
fam13	2
fam13	2
fam13	2
fam13	2
fam13	2
fam13	2
fam13	2
fam13	2
fam13	2
fam13	3
fam13	2
fam13	2
fam13	3
fam13	2
fam13	2
fam13	2
fam13	2
fam13	3
fam13	1
fam13	2
fam13	2
fam13	2
fam13	0
fam13	2
fam13	3
fam13	1
fam13	2
fam13	2
fam13	2
fam13	2
fam13	3
fam13	2
fam13	1
fam13	2
fam13	3
fam13	3
fam13	2
fam13	3
fam13	5
fam13	2
fam13	3
fam13	2
fam13	2
fam13	4
fam13	3
fam13	2
fam13	2
fam13	1
fam13	2
fam13	3
fam13	2
fam13	2
fam13	2
fam13	2
fam13	2
fam13	3
fam13	2
fam13	2
fam13	1
fam13	3
fam13	2
fam13	2
fam13	2
fam13	2
fam13	1
fam13	1
fam13	2
fam13	2
fam13	3
fam13	2
fam13	2
fam13	2
fam13	2
fam13	2
fam13	3
fam13	3
fam13	2
fam13	2
fam13	3
fam13	4
fam13	2
fam13	2
fam13	2
fam13	2
fam13	2
fam13	1
fam13	2
fam13	4
fam13	3
fam13	3
fam13	4
fam13	2
fam13	1
fam14	1
fam14	1
fam14	1
fam14	1
fam14	1
fam14	1
fam14	1
fam14	1
fam14	1
fam14	1
fam14	1
fam14	1
fam14	1
fam14	1
fam14	1
fam14	1
fam14	1
fam14	1
fam14	1
fam14	1
fam14	1
fam14	1
fam14	1
fam14	1
fam14	1
fam14	1
fam14	1
fam14	1
fam14	1
fam14	1
fam14	1
fam14	1
fam14	1
fam14	1
fam14	1
fam14	1
fam14	1
fam14	1
fam14	1
fam14	1
fam14	1
fam14	1
fam14	1
fam14	1
fam14	1
fam14	1
fam14	1
fam14	1
fam14	1
fam14	1
fam14	1
fam14	1
fam14	1
fam14	1
fam14	1
fam14	1
fam14	1
fam14	1
fam14	1
fam14	1
fam14	1
fam14	1
fam14	1
fam14	1
fam14	1
fam14	1
fam14	1
fam14	1
fam14	1
fam14	1
fam14	1
fam14	1
fam14	1
fam14	1
fam14	1
fam14	1
fam14	1
fam14	1
fam14	1
fam14	1
fam14	1
fam14	1
fam14	1
fam14	1
fam14	1
fam14	1
fam14	1
fam14	1
fam14	1
fam14	1
fam14	1
fam14	1
fam14	1
fam14	1
fam14	1
fam14	1
fam14	1
fam14	1
fam14	1
fam14	1
fam14	1
fam14	1
fam14	1
fam14	1
fam14	1
fam14	1
fam14	1
fam14	1
fam14	1
fam14	1
fam14	1
fam14	1
fam14	1
fam14	1
fam14	1
fam14	1
fam14	1
fam14	1
fam14	1
fam14	1
fam14	1
fam14	1
fam14	1
fam14	1
fam14	1
fam14	1
fam14	1
fam14	1
fam14	1
fam14	1
fam14	1
fam14	1
fam14	1
fam14	1
fam14	1
fam14	1
fam14	1
fam14	1
fam14	1
fam14	1
fam14	1
fam14	1
fam14	1
fam14	1
fam14	1
fam14	1
fam14	1
fam14	1
fam14	1
fam14	1
fam14	1
fam14	1
fam14	1
fam14	1
fam14	1
fam14	1
fam14	1
fam14	1
fam14	1
fam14	1
fam14	1
fam14	1
fam14	1
fam14	1
fam14	1
fam14	1
fam14	1
fam14	1
fam14	1
fam14	1
fam14	1
fam14	1
fam14	1
fam14	1
fam14	1
fam14	1
fam14	1
fam14	1
fam14	1
fam14	1
fam14	1
fam14	1
fam14	1
fam14	1
fam14	1
fam14	1
fam14	1
fam14	1
fam14	1
fam14	1
fam14	2
fam14	1
fam14	1
fam14	1
fam14	1
fam14	1
fam14	1
fam14	1
fam14	1
fam14	1
fam14	1
fam14	1
fam14	1
fam14	1
fam14	1
fam14	1
fam14	1
fam14	1
fam14	1
fam14	1
fam14	1
fam14	1
fam14	1
fam14	1
fam14	1
fam14	1
fam14	1
fam14	1
fam14	1
fam14	1
fam14	1
fam14	1
fam14	1
fam14	1
fam14	1
fam14	1
fam14	1
fam14	1
fam14	1
fam14	1
fam14	1
fam14	1
fam14	1
fam14	1
fam14	1
fam14	1
fam14	1
fam15	1
fam15	1
fam15	1
fam15	1
fam15	1
fam15	1
fam15	1
fam15	1
fam15	1
fam15	1
fam15	1
fam15	1
fam15	1
fam15	1
fam15	1
fam15	1
fam15	1
fam15	1
fam15	1
fam15	1
fam15	1
fam15	1
fam15	1
fam15	1
fam15	1
fam15	1
fam15	1
fam15	1
fam15	1
fam15	1
fam15	1
fam15	1
fam15	1
fam15	1
fam15	1
fam15	1
fam15	1
fam15	1
fam15	1
fam15	1
fam15	1
fam15	1
fam15	1
fam15	1
fam15	1
fam15	1
fam15	1
fam15	1
fam15	1
fam15	1
fam15	1
fam15	1
fam15	1
fam15	1
fam15	1
fam15	1
fam15	2
fam15	1
fam15	1
fam15	1
fam15	1
fam15	1
fam15	1
fam15	1
fam15	1
fam15	1
fam15	1
fam15	1
fam15	1
fam15	1
fam15	1
fam15	1
fam15	1
fam15	1
fam15	1
fam15	1
fam15	1
fam15	1
fam15	1
fam15	1
fam15	1
fam15	1
fam15	1
fam15	1
fam15	1
fam15	1
fam15	1
fam15	1
fam15	1
fam15	1
fam15	1
fam15	1
fam15	1
fam15	1
fam15	1
fam15	1
fam15	1
fam15	3
fam15	1
fam15	1
fam15	1
fam15	1
fam15	1
fam15	1
fam15	1
fam15	2
fam15	1
fam15	1
fam15	1
fam15	1
fam15	1
fam15	1
fam15	1
fam15	1
fam15	1
fam15	1
fam15	3
fam15	4
fam15	4
fam15	1
fam15	1
fam15	1
fam15	1
fam15	1
fam15	1
fam15	1
fam15	1
fam15	1
fam15	1
fam15	1
fam15	1
fam15	1
fam15	1
fam15	1
fam15	1
fam15	2
fam15	1
fam15	1
fam15	2
fam15	2
fam15	1
fam15	1
fam15	1
fam15	1
fam15	1
fam15	1
fam15	1
fam15	1
fam15	1
fam15	1
fam15	1
fam15	1
fam15	1
fam15	1
fam15	1
fam15	1
fam15	1
fam15	1
fam15	1
fam15	1
fam15	1
fam15	1
fam15	1
fam15	1
fam15	1
fam15	1
fam15	1
fam15	1
fam15	1
fam15	1
fam15	1
fam15	1
fam15	1
fam15	1
fam15	1
fam15	2
fam15	1
fam15	1
fam15	1
fam15	1
fam15	1
fam15	1
fam15	1
fam15	1
fam15	1
fam15	1
fam15	1
fam15	1
fam15	1
fam15	1
fam15	3
fam15	1
fam15	1
fam15	1
fam15	1
fam15	1
fam15	1
fam15	1
fam15	1
fam15	1
fam15	1
fam15	1
fam15	1
fam15	1
fam15	1
fam15	1
fam15	1
fam15	1
fam15	1
fam15	1
fam15	1
fam15	1
fam15	1
fam15	1
fam15	1
fam15	1
fam15	1
fam15	1
fam15	1
fam15	1
fam15	1
fam15	1
fam15	1
fam15	1
fam15	1
fam15	1
fam15	1
fam15	1
fam15	1
fam15	1
fam15	1
fam15	1
fam15	1
fam15	1
fam15	1
fam15	1
fam15	1
fam16	1
fam16	2
fam16	2
fam16	1
fam16	1
fam16	2
fam16	2
fam16	2
fam16	2
fam16	2
fam16	2
fam16	2
fam16	2
fam16	2
fam16	2
fam16	2
fam16	2
fam16	2
fam16	2
fam16	1
fam16	2
fam16	2
fam16	2
fam16	2
fam16	2
fam16	2
fam16	2
fam16	2
fam16	2
fam16	2
fam16	1
fam16	2
fam16	2
fam16	2
fam16	2
fam16	2
fam16	2
fam16	2
fam16	2
fam16	2
fam16	2
fam16	2
fam16	2
fam16	2
fam16	2
fam16	2
fam16	2
fam16	0
fam16	2
fam16	1
fam16	1
fam16	2
fam16	2
fam16	1
fam16	2
fam16	2
fam16	2
fam16	3
fam16	1
fam16	2
fam16	2
fam16	0
fam16	2
fam16	2
fam16	1
fam16	2
fam16	1
fam16	1
fam16	2
fam16	2
fam16	2
fam16	2
fam16	2
fam16	2
fam16	2
fam16	2
fam16	2
fam16	2
fam16	1
fam16	2
fam16	2
fam16	2
fam16	2
fam16	2
fam16	2
fam16	2
fam16	2
fam16	2
fam16	2
fam16	2
fam16	2
fam16	2
fam16	2
fam16	2
fam16	1
fam16	2
fam16	2
fam16	2
fam16	2
fam16	1
fam16	2
fam16	0
fam16	1
fam16	2
fam16	0
fam16	1
fam16	1
fam16	2
fam16	2
fam16	2
fam16	2
fam16	1
fam16	2
fam16	2
fam16	2
fam16	2
fam16	2
fam16	1
fam16	2
fam16	1
fam16	2
fam16	2
fam16	0
fam16	2
fam16	2
fam16	2
fam16	2
fam16	2
fam16	2
fam16	2
fam16	1
fam16	2
fam16	2
fam16	2
fam16	2
fam16	1
fam16	0
fam16	2
fam16	2
fam16	2
fam16	2
fam16	2
fam16	2
fam16	0
fam16	2
fam16	2
fam16	2
fam16	2
fam16	1
fam16	2
fam16	0
fam16	0
fam16	2
fam16	2
fam16	5
fam16	2
fam16	2
fam16	2
fam16	2
fam16	2
fam16	2
fam16	2
fam16	2
fam16	2
fam16	2
fam16	2
fam16	2
fam16	2
fam16	2
fam16	2
fam16	0
fam16	2
fam16	0
fam16	2
fam16	2
fam16	1
fam16	2
fam16	2
fam16	2
fam16	2
fam16	2
fam16	2
fam16	2
fam16	1
fam16	2
fam16	2
fam16	1
fam16	2
fam16	2
fam16	2
fam16	2
fam16	2
fam16	1
fam16	2
fam16	2
fam16	2
fam16	1
fam16	2
fam16	1
fam16	1
fam16	2
fam16	1
fam16	1
fam16	1
fam16	0
fam16	1
fam16	2
fam16	2
fam16	2
fam16	2
fam16	1
fam16	2
fam16	2
fam16	2
fam16	2
fam16	2
fam16	2
fam16	2
fam17	1
fam17	1
fam17	1
fam17	1
fam17	2
fam17	1
fam17	1
fam17	1
fam17	1
fam17	1
fam17	1
fam17	1
fam17	1
fam17	1
fam17	1
fam17	1
fam17	1
fam17	1
fam17	1
fam17	1
fam17	2
fam17	1
fam17	1
fam17	1
fam17	1
fam17	1
fam17	1
fam17	2
fam17	1
fam17	1
fam17	2
fam17	1
fam17	1
fam17	1
fam17	1
fam17	1
fam17	1
fam17	1
fam17	1
fam17	1
fam17	1
fam17	1
fam17	1
fam17	1
fam17	1
fam17	1
fam17	1
fam17	1
fam17	1
fam17	1
fam17	1
fam17	1
fam17	1
fam17	1
fam17	1
fam17	1
fam17	1
fam17	1
fam17	1
fam17	1
fam17	1
fam17	1
fam17	1
fam17	1
fam17	1
fam17	1
fam17	1
fam17	1
fam17	1
fam17	1
fam17	1
fam17	1
fam17	1
fam17	1
fam17	1
fam17	1
fam17	1
fam17	1
fam17	1
fam17	1
fam17	1
fam17	1
fam17	1
fam17	1
fam17	1
fam17	1
fam17	2
fam17	1
fam17	1
fam17	1
fam17	1
fam17	1
fam17	1
fam17	1
fam17	1
fam17	1
fam17	1
fam17	1
fam17	1
fam17	1
fam17	1
fam17	1
fam17	1
fam17	1
fam17	1
fam17	1
fam17	1
fam17	1
fam17	1
fam17	1
fam17	1
fam17	1
fam17	1
fam17	1
fam17	2
fam17	1
fam17	1
fam17	1
fam17	1
fam17	1
fam17	1
fam17	1
fam17	1
fam17	1
fam17	1
fam17	1
fam17	1
fam17	1
fam17	1
fam17	1
fam17	1
fam17	1
fam17	1
fam17	1
fam17	1
fam17	1
fam17	1
fam17	1
fam17	1
fam17	1
fam17	1
fam17	1
fam17	1
fam17	1
fam17	1
fam17	1
fam17	1
fam17	1
fam17	1
fam17	1
fam17	1
fam17	3
fam17	1
fam17	1
fam17	1
fam17	1
fam17	1
fam17	1
fam17	1
fam17	1
fam17	1
fam17	1
fam17	1
fam17	1
fam17	1
fam17	1
fam17	1
fam17	1
fam17	1
fam17	1
fam17	1
fam17	1
fam17	1
fam17	1
fam17	1
fam17	2
fam17	1
fam17	1
fam17	1
fam17	1
fam17	1
fam17	1
fam17	1
fam17	1
fam17	1
fam17	1
fam17	2
fam17	1
fam17	1
fam17	1
fam17	1
fam17	1
fam17	1
fam17	1
fam17	1
fam17	1
fam17	1
fam17	1
fam17	1
fam17	1
fam17	1
fam17	1
fam17	1
fam17	1
fam17	1
fam17	1
fam17	1
fam17	1
fam17	1
fam17	1
fam17	1
fam17	1
fam18	2
fam18	2
fam18	2
fam18	2
fam18	2
fam18	2
fam18	1
fam18	2
fam18	2
fam18	3
fam18	2
fam18	2
fam18	2
fam18	2
fam18	2
fam18	2
fam18	3
fam18	2
fam18	2
fam18	2
fam18	2
fam18	2
fam18	1
fam18	2
fam18	2
fam18	2
fam18	2
fam18	2
fam18	2
fam18	2
fam18	2
fam18	3
fam18	1
fam18	2
fam18	3
fam18	2
fam18	1
fam18	2
fam18	2
fam18	2
fam18	2
fam18	2
fam18	2
fam18	2
fam18	2
fam18	2
fam18	2
fam18	2
fam18	2
fam18	2
fam18	2
fam18	2
fam18	2
fam18	2
fam18	2
fam18	2
fam18	2
fam18	2
fam18	2
fam18	2
fam18	2
fam18	2
fam18	2
fam18	1
fam18	2
fam18	2
fam18	2
fam18	2
fam18	2
fam18	2
fam18	2
fam18	2
fam18	2
fam18	2
fam18	2
fam18	2
fam18	2
fam18	2
fam18	2
fam18	2
fam18	2
fam18	2
fam18	2
fam18	2
fam18	2
fam18	2
fam18	2
fam18	1
fam18	2
fam18	2
fam18	3
fam18	2
fam18	2
fam18	2
fam18	2
fam18	2
fam18	2
fam18	5
fam18	3
fam18	2
fam18	2
fam18	2
fam18	2
fam18	4
fam18	2
fam18	2
fam18	2
fam18	2
fam18	2
fam18	2
fam18	3
fam18	2
fam18	2
fam18	2
fam18	2
fam18	2
fam18	2
fam18	2
fam18	2
fam18	2
fam18	2
fam18	2
fam18	2
fam18	1
fam18	2
fam18	1
fam18	2
fam18	2
fam18	2
fam18	2
fam18	2
fam18	2
fam18	2
fam18	2
fam18	2
fam18	2
fam18	2
fam18	2
fam18	2
fam18	1
fam18	2
fam18	2
fam18	2
fam18	2
fam18	2
fam18	2
fam18	3
fam18	2
fam18	2
fam18	2
fam18	2
fam18	2
fam18	2
fam18	2
fam18	2
fam18	2
fam18	2
fam18	2
fam18	2
fam18	2
fam18	2
fam18	2
fam18	2
fam18	2
fam18	2
fam18	1
fam18	2
fam18	1
fam18	2
fam18	2
fam18	8
fam18	2
fam18	1
fam18	1
fam18	2
fam18	2
fam18	2
fam18	2
fam18	1
fam18	2
fam18	2
fam18	2
fam18	2
fam18	1
fam18	1
fam18	2
fam18	3
fam18	2
fam18	1
fam18	2
fam18	2
fam18	2
fam18	1
fam18	8
fam18	2
fam18	2
fam18	2
fam18	2
fam18	1
fam18	2
fam19	2
fam19	2
fam19	2
fam19	2
fam19	2
fam19	2
fam19	2
fam19	2
fam19	2
fam19	2
fam19	2
fam19	2
fam19	2
fam19	2
fam19	2
fam19	2
fam19	2
fam19	2
fam19	2
fam19	2
fam19	2
fam19	2
fam19	2
fam19	2
fam19	2
fam19	2
fam19	2
fam19	2
fam19	2
fam19	2
fam19	2
fam19	2
fam19	2
fam19	2
fam19	2
fam19	2
fam19	2
fam19	2
fam19	2
fam19	2
fam19	2
fam19	2
fam19	2
fam19	2
fam19	2
fam19	2
fam19	2
fam19	2
fam19	2
fam19	2
fam19	2
fam19	2
fam19	2
fam19	2
fam19	2
fam19	2
fam19	2
fam19	2
fam19	2
fam19	2
fam19	2
fam19	2
fam19	2
fam19	2
fam19	2
fam19	2
fam19	1
fam19	2
fam19	2
fam19	2
fam19	2
fam19	2
fam19	2
fam19	2
fam19	2
fam19	2
fam19	2
fam19	2
fam19	2
fam19	2
fam19	2
fam19	2
fam19	2
fam19	2
fam19	2
fam19	2
fam19	2
fam19	2
fam19	2
fam19	2
fam19	2
fam19	2
fam19	2
fam19	2
fam19	2
fam19	2
fam19	2
fam19	2
fam19	2
fam19	2
fam19	2
fam19	2
fam19	2
fam19	2
fam19	2
fam19	2
fam19	2
fam19	2
fam19	2
fam19	2
fam19	2
fam19	2
fam19	2
fam19	2
fam19	2
fam19	2
fam19	2
fam19	2
fam19	2
fam19	2
fam19	2
fam19	2
fam19	2
fam19	2
fam19	2
fam19	2
fam19	2
fam19	2
fam19	2
fam19	2
fam19	2
fam19	2
fam19	2
fam19	2
fam19	2
fam19	2
fam19	2
fam19	2
fam19	2
fam19	2
fam19	2
fam19	2
fam19	2
fam19	2
fam19	2
fam19	2
fam19	2
fam19	2
fam19	2
fam19	2
fam19	2
fam19	2
fam19	2
fam19	2
fam19	2
fam19	2
fam19	2
fam19	2
fam19	2
fam19	2
fam19	4
fam19	2
fam19	2
fam19	2
fam19	2
fam19	2
fam19	2
fam19	2
fam19	2
fam19	2
fam19	2
fam19	2
fam19	2
fam19	2
fam19	2
fam19	2
fam19	2
fam19	2
fam19	2
fam19	2
fam19	2
fam19	2
fam19	2
fam19	2
fam19	2
fam19	2
fam19	2
fam19	2
fam19	2
fam19	2
fam19	2
fam19	2
fam19	2
fam19	2
fam19	2
fam19	2
fam2	8
fam2	14
fam2	4
fam2	6
fam2	5
fam2	6
fam2	8
fam2	14
fam2	18
fam2	22
fam2	9
fam2	8
fam2	9
fam2	15
fam2	6
fam2	6
fam2	6
fam2	4
fam2	2
fam2	7
fam2	6
fam2	10
fam2	9
fam2	8
fam2	8
fam2	4
fam2	6
fam2	8
fam2	8
fam2	8
fam2	4
fam2	6
fam2	16
fam2	8
fam2	22
fam2	10
fam2	16
fam2	30
fam2	9
fam2	9
fam2	23
fam2	20
fam2	10
fam2	12
fam2	6
fam2	14
fam2	11
fam2	9
fam2	9
fam2	25
fam2	13
fam2	8
fam2	12
fam2	12
fam2	9
fam2	6
fam2	12
fam2	14
fam2	22
fam2	12
fam2	13
fam2	17
fam2	8
fam2	6
fam2	8
fam2	9
fam2	11
fam2	4
fam2	6
fam2	16
fam2	11
fam2	6
fam2	6
fam2	4
fam2	16
fam2	4
fam2	28
fam2	38
fam2	8
fam2	9
fam2	9
fam2	21
fam2	26
fam2	21
fam2	9
fam2	10
fam2	27
fam2	8
fam2	34
fam2	19
fam2	30
fam2	8
fam2	19
fam2	19
fam2	5
fam2	9
fam2	5
fam2	25
fam2	11
fam2	9
fam2	28
fam2	5
fam2	13
fam2	4
fam2	8
fam2	5
fam2	5
fam2	9
fam2	11
fam2	11
fam2	9
fam2	9
fam2	11
fam2	9
fam2	11
fam2	9
fam2	9
fam2	9
fam2	23
fam2	27
fam2	9
fam2	8
fam2	10
fam2	12
fam2	9
fam2	13
fam2	13
fam2	18
fam2	4
fam2	8
fam2	8
fam2	6
fam2	18
fam2	9
fam2	11
fam2	25
fam2	6
fam2	5
fam2	13
fam2	13
fam2	4
fam2	15
fam2	8
fam2	15
fam2	31
fam2	11
fam2	12
fam2	15
fam2	15
fam2	9
fam2	11
fam2	51
fam2	12
fam2	13
fam2	7
fam2	5
fam2	14
fam2	17
fam2	18
fam2	8
fam2	16
fam2	16
fam2	8
fam2	19
fam2	23
fam2	23
fam2	13
fam2	9
fam2	10
fam2	14
fam2	19
fam2	31
fam2	5
fam2	5
fam2	12
fam2	12
fam2	5
fam2	4
fam2	9
fam2	9
fam2	5
fam2	13
fam2	9
fam2	18
fam2	22
fam2	26
fam2	8
fam2	14
fam2	15
fam2	13
fam2	15
fam2	8
fam2	4
fam2	9
fam2	9
fam2	5
fam2	6
fam2	5
fam2	9
fam2	4
fam2	6
fam2	14
fam2	8
fam2	8
fam2	14
fam2	6
fam2	4
fam2	21
fam2	28
fam2	25
fam2	24
fam2	26
fam2	4
fam2	10
fam2	4
fam2	17
fam2	14
fam2	17
fam2	15
fam2	23
fam2	13
fam2	13
fam2	13
fam2	5
fam2	9
fam2	9
fam2	23
fam2	11
fam2	16
fam2	35
fam2	20
fam2	20
fam2	50
fam2	20
fam2	50
fam2	20
fam2	26
fam2	9
fam2	21
fam2	9
fam2	14
fam2	4
fam2	6
fam2	4
fam2	6
fam2	14
fam2	9
fam2	20
fam2	16
fam2	5
fam2	9
fam2	8
fam2	5
fam2	9
fam2	13
fam2	13
fam2	13
fam2	12
fam2	26
fam2	47
fam2	14
fam2	9
fam2	9
fam2	13
fam2	25
fam2	4
fam2	9
fam2	10
fam2	14
fam2	12
fam2	6
fam2	23
fam2	5
fam2	8
fam2	19
fam2	5
fam2	9
fam2	25
fam2	32
fam2	7
fam2	15
fam2	15
fam2	32
fam2	19
fam2	18
fam2	8
fam2	28
fam2	28
fam2	18
fam2	8
fam2	6
fam2	5
fam2	9
fam2	17
fam2	8
fam2	11
fam2	8
fam2	9
fam2	13
fam2	4
fam2	12
fam2	11
fam2	5
fam2	5
fam2	4
fam2	5
fam2	9
fam2	7
fam2	22
fam2	11
fam2	6
fam2	8
fam2	13
fam2	5
fam2	6
fam2	11
fam2	7
fam2	5
fam2	4
fam2	16
fam2	5
fam2	10
fam2	14
fam2	8
fam2	9
fam2	5
fam2	5
fam2	5
fam2	5
fam2	9
fam2	7
fam2	7
fam2	5
fam2	9
fam2	7
fam2	5
fam2	11
fam2	5
fam2	4
fam2	4
fam2	16
fam2	11
fam2	13
fam2	7
fam2	6
fam2	5
fam2	6
fam2	17
fam2	9
fam2	6
fam2	5
fam2	16
fam2	9
fam2	13
fam2	19
fam2	16
fam2	10
fam2	5
fam2	11
fam2	5
fam2	4
fam2	6
fam2	9
fam2	9
fam2	8
fam2	5
fam2	13
fam2	15
fam2	16
fam2	9
fam2	8
fam2	9
fam2	18
fam2	4
fam2	9
fam2	8
fam2	16
fam2	8
fam2	9
fam2	5
fam2	8
fam2	9
fam2	9
fam2	4
fam2	4
fam2	9
fam2	26
fam2	8
fam2	14
fam2	10
fam2	19
fam2	9
fam2	9
fam2	13
fam2	5
fam2	9
fam2	14
fam2	10
fam2	19
fam2	4
fam2	3
fam2	18
fam2	14
fam2	10
fam2	6
fam2	9
fam2	18
fam2	8
fam2	9
fam2	4
fam2	10
fam2	13
fam2	6
fam2	13
fam2	9
fam2	10
fam2	20
fam2	8
fam2	16
fam2	25
fam2	16
fam2	14
fam2	17
fam2	20
fam2	8
fam2	28
fam2	18
fam2	22
fam2	6
fam2	4
fam2	8
fam2	14
fam2	11
fam2	9
fam2	9
fam2	14
fam2	18
fam2	22
fam2	6
fam2	5
fam2	9
fam2	10
fam2	8
fam2	9
fam2	23
fam2	23
fam2	19
fam2	8
fam2	14
fam2	25
fam2	5
fam2	12
fam2	5
fam2	13
fam2	13
fam2	8
fam2	9
fam2	9
fam2	5
fam2	9
fam2	5
fam2	13
fam2	13
fam2	7
fam2	12
fam2	13
fam2	18
fam2	27
fam2	15
fam2	19
fam2	8
fam2	7
fam2	9
fam2	15
fam2	15
fam2	5
fam2	4
fam2	3
fam2	4
fam2	8
fam2	5
fam2	5
fam2	8
fam2	10
fam2	4
fam2	8
fam2	4
fam2	9
fam2	8
fam2	11
fam2	16
fam2	15
fam2	8
fam2	19
fam2	9
fam2	4
fam2	5
fam2	22
fam2	25
fam2	5
fam2	13
fam2	26
fam2	9
fam2	13
fam2	27
fam2	16
fam2	18
fam2	7
fam2	10
fam2	8
fam2	6
fam2	17
fam2	9
fam2	21
fam2	8
fam2	17
fam2	14
fam2	25
fam2	5
fam2	16
fam2	16
fam2	36
fam2	38
fam2	18
fam2	14
fam2	9
fam2	16
fam2	9
fam2	17
fam2	9
fam2	16
fam2	9
fam2	9
fam2	21
fam2	17
fam2	9
fam2	13
fam2	9
fam2	13
fam2	9
fam2	9
fam2	17
fam2	17
fam2	9
fam2	9
fam2	17
fam2	9
fam2	17
fam2	17
fam2	9
fam2	16
fam2	9
fam2	17
fam2	9
fam2	17
fam2	9
fam2	5
fam2	6
fam2	5
fam2	9
fam2	11
fam2	21
fam2	14
fam2	12
fam2	6
fam2	12
fam2	6
fam2	14
fam2	14
fam2	8
fam2	6
fam2	14
fam2	8
fam2	6
fam2	5
fam2	22
fam2	4
fam2	8
fam2	6
fam2	16
fam2	23
fam2	8
fam2	19
fam2	5
fam2	11
fam2	9
fam2	6
fam2	17
fam2	9
fam2	17
fam2	9
fam2	42
fam2	13
fam2	5
fam2	21
fam2	5
fam2	4
fam2	9
fam2	39
fam2	36
fam2	5
fam2	9
fam2	10
fam2	17
fam2	9
fam2	11
fam2	56
fam2	17
fam2	12
fam2	22
fam2	10
fam2	9
fam2	8
fam2	12
fam2	5
fam2	28
fam2	10
fam2	10
fam2	9
fam2	7
fam2	9
fam2	14
fam2	9
fam2	19
fam2	20
fam2	33
fam2	1
fam2	5
fam2	14
fam2	12
fam2	8
fam2	16
fam2	5
fam2	6
fam2	13
fam2	5
fam2	35
fam2	61
fam2	7
fam2	12
fam2	31
fam2	22
fam2	7
fam2	9
fam2	5
fam2	9
fam2	5
fam2	7
fam2	7
fam2	9
fam2	5
fam2	6
fam2	5
fam2	5
fam2	12
fam2	5
fam2	5
fam2	6
fam2	5
fam2	10
fam2	11
fam2	4
fam2	5
fam2	14
fam2	18
fam2	10
fam2	5
fam2	13
fam2	12
fam2	12
fam2	6
fam2	5
fam2	24
fam2	9
fam2	6
fam2	10
fam2	15
fam2	8
fam2	12
fam2	14
fam2	22
fam2	25
fam2	29
fam2	5
fam2	28
fam2	13
fam2	5
fam2	5
fam2	9
fam2	18
fam2	16
fam2	9
fam2	14
fam2	14
fam2	16
fam2	27
fam2	21
fam2	21
fam2	17
fam2	7
fam2	15
fam2	48
fam2	24
fam2	23
fam2	12
fam2	17
fam2	9
fam2	5
fam2	13
fam2	14
fam2	8
fam2	5
fam2	13
fam2	18
fam2	5
fam2	5
fam2	8
fam3	1
fam3	1
fam3	1
fam3	1
fam3	1
fam3	1
fam3	1
fam3	1
fam3	1
fam3	1
fam3	1
fam3	1
fam3	1
fam3	1
fam3	1
fam3	1
fam3	1
fam3	1
fam3	1
fam3	1
fam3	1
fam3	1
fam3	1
fam3	1
fam3	1
fam3	1
fam3	1
fam3	1
fam3	1
fam3	2
fam3	1
fam3	1
fam3	1
fam3	1
fam3	1
fam3	1
fam3	1
fam3	1
fam3	1
fam3	1
fam3	1
fam3	1
fam3	1
fam3	1
fam3	1
fam3	1
fam3	1
fam3	1
fam3	1
fam3	1
fam3	1
fam3	1
fam3	1
fam3	1
fam3	1
fam3	1
fam3	1
fam3	1
fam3	1
fam3	1
fam3	1
fam3	1
fam3	1
fam3	1
fam3	1
fam3	1
fam3	1
fam3	1
fam3	1
fam3	1
fam3	1
fam3	1
fam3	1
fam3	2
fam3	1
fam3	1
fam3	1
fam3	1
fam3	1
fam3	1
fam3	1
fam3	1
fam3	1
fam3	1
fam3	1
fam3	1
fam3	1
fam3	1
fam3	1
fam3	1
fam3	1
fam3	1
fam3	1
fam3	1
fam3	1
fam3	1
fam3	1
fam3	1
fam3	1
fam3	1
fam3	1
fam3	1
fam3	1
fam3	1
fam3	1
fam3	1
fam3	1
fam3	1
fam3	1
fam3	1
fam3	1
fam3	2
fam3	1
fam3	1
fam3	1
fam3	1
fam3	2
fam3	1
fam3	2
fam3	1
fam3	1
fam3	1
fam3	2
fam3	2
fam3	1
fam3	1
fam3	1
fam3	1
fam3	1
fam3	1
fam3	1
fam3	1
fam3	1
fam3	1
fam3	1
fam3	1
fam3	1
fam3	1
fam3	1
fam3	1
fam3	1
fam3	1
fam3	1
fam3	1
fam3	1
fam3	1
fam3	1
fam3	1
fam3	1
fam3	1
fam3	1
fam3	1
fam3	2
fam3	1
fam3	1
fam3	1
fam3	1
fam3	1
fam3	1
fam3	1
fam3	1
fam3	1
fam3	1
fam3	1
fam3	1
fam3	1
fam3	3
fam3	1
fam3	1
fam3	1
fam3	1
fam3	1
fam3	1
fam3	1
fam3	1
fam3	1
fam3	2
fam3	1
fam3	1
fam3	1
fam3	1
fam3	2
fam3	1
fam3	2
fam3	1
fam3	1
fam3	1
fam3	1
fam3	1
fam3	1
fam3	1
fam3	1
fam3	1
fam3	1
fam3	1
fam3	1
fam3	1
fam3	1
fam3	1
fam3	1
fam3	1
fam3	1
fam3	1
fam3	1
fam3	1
fam3	1
fam3	1
fam3	1
fam3	1
fam3	1
fam3	1
fam3	1
fam3	1
fam3	1
fam3	1
fam3	1
fam3	1
fam3	1
fam3	1
fam3	1
fam3	1
fam3	1
fam3	1
fam3	1
fam3	1
fam3	1
fam3	1
fam3	2
fam3	1
fam3	1
fam3	1
fam3	1
fam3	1
fam3	1
fam3	1
fam3	1
fam3	1
fam3	1
fam3	1
fam3	1
fam3	1
fam3	1
fam3	1
fam3	1
fam3	1
fam3	1
fam3	1
fam3	1
fam3	1
fam3	1
fam3	1
fam3	1
fam3	1
fam3	1
fam3	1
fam3	1
fam3	1
fam3	1
fam3	1
fam3	1
fam3	1
fam3	2
fam3	1
fam3	1
fam3	1
fam3	1
fam3	1
fam3	1
fam3	1
fam3	1
fam3	1
fam3	1
fam3	1
fam3	1
fam3	1
fam3	1
fam3	1
fam3	1
fam3	1
fam3	1
fam3	1
fam3	1
fam3	1
fam3	1
fam3	1
fam3	1
fam3	1
fam3	1
fam3	1
fam3	1
fam3	1
fam3	1
fam3	1
fam3	1
fam3	1
fam3	1
fam3	1
fam3	1
fam3	1
fam3	1
fam3	1
fam3	1
fam3	1
fam3	1
fam3	1
fam3	1
fam3	1
fam3	1
fam3	1
fam3	1
fam3	1
fam3	1
fam3	1
fam3	1
fam3	1
fam3	1
fam3	1
fam3	1
fam3	1
fam3	1
fam3	1
fam3	1
fam3	1
fam3	1
fam3	1
fam3	1
fam3	1
fam3	1
fam3	1
fam3	1
fam3	1
fam3	1
fam3	1
fam3	1
fam3	1
fam3	1
fam3	1
fam3	1
fam3	1
fam3	1
fam3	1
fam3	1
fam3	2
fam3	1
fam3	1
fam3	1
fam3	1
fam3	1
fam3	1
fam3	1
fam3	1
fam3	1
fam3	1
fam3	1
fam3	1
fam3	1
fam3	1
fam3	1
fam3	1
fam3	1
fam3	1
fam3	1
fam3	1
fam3	1
fam3	1
fam3	1
fam3	1
fam3	1
fam3	1
fam3	1
fam3	1
fam3	1
fam3	1
fam3	1
fam3	1
fam3	1
fam3	1
fam3	1
fam3	1
fam3	1
fam3	1
fam3	1
fam3	1
fam3	1
fam3	1
fam3	1
fam3	1
fam3	1
fam3	1
fam3	1
fam3	1
fam3	1
fam3	1
fam3	1
fam3	1
fam3	1
fam3	1
fam3	1
fam3	1
fam3	2
fam3	1
fam3	1
fam3	1
fam3	1
fam3	1
fam3	1
fam3	1
fam3	1
fam3	1
fam3	1
fam3	1
fam3	2
fam3	1
fam3	1
fam3	1
fam3	1
fam3	1
fam3	2
fam3	1
fam3	1
fam3	1
fam3	1
fam3	1
fam3	1
fam3	1
fam3	1
fam3	1
fam3	1
fam3	1
fam3	1
fam3	1
fam3	1
fam3	1
fam3	1
fam3	1
fam3	1
fam3	1
fam3	1
fam3	1
fam3	1
fam3	1
fam3	1
fam3	1
fam3	1
fam3	1
fam3	1
fam3	1
fam3	1
fam3	1
fam3	1
fam3	1
fam3	1
fam3	1
fam3	1
fam3	1
fam3	1
fam3	1
fam3	1
fam3	1
fam3	1
fam3	1
fam3	2
fam3	1
fam3	1
fam3	1
fam3	1
fam3	1
fam3	1
fam3	1
fam3	1
fam3	1
fam3	1
fam3	1
fam3	1
fam3	1
fam3	1
fam3	1
fam3	1
fam3	1
fam3	1
fam3	1
fam3	1
fam3	1
fam3	1
fam3	1
fam3	1
fam3	1
fam3	1
fam3	1
fam3	1
fam3	1
fam3	1
fam3	1
fam3	1
fam3	1
fam3	1
fam3	1
fam3	1
fam3	2
fam3	1
fam3	1
fam3	1
fam3	1
fam3	1
fam3	1
fam3	1
fam3	1
fam3	1
fam3	1
fam3	1
fam3	1
fam3	1
fam4	1
fam4	1
fam4	1
fam4	1
fam4	1
fam4	1
fam4	1
fam4	1
fam4	1
fam4	1
fam4	1
fam4	1
fam4	1
fam4	1
fam4	1
fam4	1
fam4	1
fam4	1
fam4	1
fam4	1
fam4	1
fam4	3
fam4	1
fam4	1
fam4	1
fam4	1
fam4	1
fam4	1
fam4	2
fam4	1
fam4	1
fam4	1
fam4	1
fam4	2
fam4	1
fam4	1
fam4	1
fam4	1
fam4	1
fam4	2
fam4	1
fam4	1
fam4	1
fam4	1
fam4	1
fam4	1
fam4	1
fam4	3
fam4	2
fam4	1
fam4	1
fam4	1
fam4	1
fam4	1
fam4	1
fam4	1
fam4	2
fam4	1
fam4	1
fam4	1
fam4	1
fam4	1
fam4	1
fam4	1
fam4	2
fam4	1
fam4	1
fam4	1
fam4	1
fam4	1
fam4	0
fam4	2
fam4	1
fam4	1
fam4	1
fam4	1
fam4	1
fam4	1
fam4	1
fam4	1
fam4	1
fam4	1
fam4	1
fam4	1
fam4	1
fam4	1
fam4	1
fam4	1
fam4	1
fam4	1
fam4	1
fam4	1
fam4	2
fam4	1
fam4	1
fam4	1
fam4	1
fam4	1
fam4	1
fam4	1
fam4	1
fam4	1
fam4	1
fam4	1
fam4	1
fam4	1
fam4	1
fam4	2
fam4	1
fam4	2
fam4	1
fam4	1
fam4	1
fam4	1
fam4	1
fam4	1
fam4	1
fam4	1
fam4	1
fam4	1
fam4	2
fam4	1
fam4	1
fam4	1
fam4	1
fam4	1
fam4	2
fam4	1
fam4	1
fam4	1
fam4	1
fam4	1
fam4	1
fam4	1
fam4	1
fam4	1
fam4	1
fam4	1
fam4	1
fam4	1
fam4	1
fam4	2
fam4	1
fam4	2
fam4	1
fam4	2
fam4	1
fam4	1
fam4	1
fam4	1
fam4	1
fam4	1
fam4	1
fam4	1
fam4	1
fam4	1
fam4	1
fam4	1
fam4	1
fam4	1
fam4	1
fam4	1
fam4	1
fam4	1
fam4	1
fam4	1
fam4	1
fam4	1
fam4	2
fam4	1
fam4	1
fam4	1
fam4	1
fam4	1
fam4	1
fam4	1
fam4	1
fam4	1
fam4	2
fam4	3
fam4	1
fam4	1
fam4	1
fam4	1
fam4	1
fam4	1
fam4	1
fam4	1
fam4	1
fam4	1
fam4	1
fam4	1
fam4	1
fam4	1
fam4	1
fam4	1
fam4	1
fam4	1
fam4	1
fam4	1
fam4	1
fam4	1
fam4	1
fam4	1
fam4	1
fam4	1
fam4	1
fam4	1
fam4	1
fam4	1
fam4	1
fam4	1
fam4	1
fam4	1
fam4	1
fam4	1
fam4	1
fam4	1
fam4	1
fam4	1
fam4	1
fam4	1
fam4	1
fam4	1
fam4	1
fam4	2
fam4	1
fam4	1
fam4	1
fam4	1
fam4	1
fam4	1
fam4	2
fam4	1
fam4	1
fam4	1
fam4	1
fam4	2
fam4	2
fam4	1
fam4	2
fam4	2
fam4	0
fam4	1
fam4	1
fam4	1
fam4	1
fam4	2
fam4	2
fam4	2
fam4	1
fam4	1
fam4	1
fam4	1
fam4	1
fam4	2
fam4	1
fam4	1
fam4	1
fam4	1
fam4	1
fam4	1
fam4	1
fam4	1
fam4	1
fam4	1
fam4	1
fam4	1
fam4	1
fam4	2
fam4	1
fam4	2
fam4	1
fam4	1
fam4	1
fam4	1
fam4	1
fam4	1
fam4	1
fam4	1
fam4	1
fam4	1
fam4	1
fam4	1
fam4	1
fam4	1
fam4	1
fam4	1
fam4	1
fam4	2
fam4	1
fam4	1
fam4	1
fam4	1
fam4	1
fam4	1
fam4	1
fam4	1
fam4	2
fam4	1
fam4	1
fam4	1
fam4	1
fam4	1
fam4	1
fam4	1
fam4	1
fam4	1
fam4	1
fam4	1
fam4	1
fam4	1
fam4	2
fam4	1
fam4	1
fam4	1
fam4	1
fam4	2
fam4	1
fam4	1
fam4	1
fam4	1
fam4	1
fam4	1
fam4	1
fam4	2
fam4	1
fam4	1
fam4	1
fam4	1
fam4	1
fam4	1
fam4	1
fam4	1
fam4	1
fam4	1
fam4	1
fam4	1
fam4	1
fam4	1
fam4	1
fam4	1
fam4	1
fam4	1
fam4	1
fam4	1
fam4	1
fam4	1
fam4	1
fam4	1
fam4	2
fam4	1
fam4	1
fam4	1
fam4	1
fam4	1
fam4	2
fam4	2
fam4	1
fam4	1
fam4	1
fam4	1
fam4	1
fam4	1
fam4	1
fam4	2
fam4	1
fam4	1
fam4	1
fam4	2
fam4	2
fam4	1
fam4	1
fam4	1
fam4	1
fam4	1
fam4	1
fam4	1
fam4	1
fam4	1
fam4	1
fam4	1
fam4	1
fam4	1
fam4	1
fam4	1
fam4	1
fam4	1
fam4	1
fam4	1
fam4	2
fam4	1
fam4	1
fam4	1
fam4	1
fam4	1
fam4	1
fam4	1
fam4	1
fam4	1
fam4	1
fam4	1
fam4	1
fam4	1
fam4	1
fam4	1
fam4	1
fam4	1
fam4	1
fam4	1
fam4	1
fam4	1
fam4	1
fam4	1
fam4	0
fam4	0
fam4	1
fam4	1
fam4	1
fam4	2
fam4	1
fam4	1
fam4	1
fam4	1
fam4	1
fam4	1
fam4	1
fam4	1
fam4	1
fam4	1
fam4	1
fam4	1
fam4	1
fam4	1
fam4	2
fam4	1
fam4	2
fam4	1
fam4	1
fam4	1
fam4	1
fam4	1
fam4	1
fam4	1
fam4	1
fam4	1
fam4	1
fam4	1
fam4	2
fam4	1
fam4	2
fam4	1
fam4	1
fam4	1
fam4	1
fam4	1
fam4	2
fam4	1
fam4	1
fam4	1
fam4	1
fam4	1
fam4	1
fam4	1
fam4	2
fam4	1
fam4	1
fam4	1
fam4	2
fam4	1
fam4	1
fam4	1
fam4	2
fam4	1
fam4	1
fam4	1
fam4	1
fam4	1
fam4	1
fam4	1
fam4	1
fam4	1
fam4	1
fam4	1
fam4	2
fam4	1
fam4	1
fam4	1
fam4	1
fam4	2
fam4	2
fam4	1
fam4	1
fam4	2
fam4	1
fam4	2
fam4	2
fam4	1
fam4	1
fam4	1
fam4	1
fam4	1
fam4	1
fam4	2
fam4	1
fam4	1
fam4	1
fam4	1
fam4	1
fam4	1
fam4	2
fam5	1
fam5	1
fam5	1
fam5	1
fam5	1
fam5	1
fam5	1
fam5	1
fam5	1
fam5	1
fam5	1
fam5	1
fam5	1
fam5	1
fam5	1
fam5	1
fam5	1
fam5	1
fam5	1
fam5	1
fam5	2
fam5	1
fam5	1
fam5	1
fam5	1
fam5	1
fam5	1
fam5	1
fam5	1
fam5	1
fam5	1
fam5	2
fam5	1
fam5	1
fam5	1
fam5	1
fam5	1
fam5	1
fam5	1
fam5	1
fam5	1
fam5	1
fam5	1
fam5	1
fam5	1
fam5	1
fam5	4
fam5	1
fam5	1
fam5	1
fam5	1
fam5	1
fam5	4
fam5	1
fam5	4
fam5	1
fam5	1
fam5	1
fam5	1
fam5	1
fam5	1
fam5	1
fam5	1
fam5	1
fam5	1
fam5	1
fam5	1
fam5	1
fam5	1
fam5	1
fam5	1
fam5	1
fam5	1
fam5	1
fam5	1
fam5	1
fam5	1
fam5	1
fam5	1
fam5	2
fam5	1
fam5	2
fam5	1
fam5	1
fam5	1
fam5	1
fam5	1
fam5	1
fam5	1
fam5	1
fam5	1
fam5	1
fam5	1
fam5	1
fam5	1
fam5	1
fam5	1
fam5	1
fam5	2
fam5	1
fam5	1
fam5	1
fam5	1
fam5	1
fam5	1
fam5	1
fam5	1
fam5	2
fam5	1
fam5	1
fam5	1
fam5	1
fam5	1
fam5	1
fam5	1
fam5	1
fam5	1
fam5	1
fam5	1
fam5	1
fam5	1
fam5	1
fam5	1
fam5	1
fam5	1
fam5	1
fam5	1
fam5	1
fam5	1
fam5	1
fam5	1
fam5	1
fam5	1
fam5	1
fam5	1
fam5	1
fam5	1
fam5	1
fam5	1
fam5	1
fam5	1
fam5	1
fam5	1
fam5	1
fam5	1
fam5	1
fam5	1
fam5	1
fam5	0
fam5	1
fam5	1
fam5	0
fam5	1
fam5	1
fam5	1
fam5	1
fam5	1
fam5	0
fam5	1
fam5	1
fam5	1
fam5	1
fam5	1
fam5	1
fam5	1
fam5	1
fam5	1
fam5	1
fam5	1
fam5	1
fam5	1
fam5	1
fam5	1
fam5	1
fam5	1
fam5	1
fam5	1
fam5	1
fam5	1
fam5	1
fam5	2
fam5	1
fam5	1
fam5	1
fam5	1
fam5	1
fam5	1
fam5	1
fam5	1
fam5	1
fam5	1
fam5	1
fam5	1
fam5	1
fam5	1
fam5	1
fam5	1
fam5	1
fam5	1
fam5	1
fam5	1
fam5	2
fam5	1
fam5	1
fam5	1
fam5	1
fam5	1
fam5	1
fam5	1
fam5	1
fam5	1
fam5	1
fam5	1
fam5	1
fam5	1
fam5	1
fam5	1
fam5	1
fam5	1
fam5	1
fam5	1
fam5	1
fam5	1
fam5	1
fam5	1
fam5	1
fam5	1
fam5	1
fam5	1
fam5	1
fam5	1
fam5	1
fam5	1
fam5	1
fam5	1
fam5	1
fam5	2
fam5	1
fam5	1
fam5	1
fam5	1
fam5	1
fam5	1
fam5	1
fam5	1
fam5	1
fam5	1
fam5	1
fam5	1
fam5	1
fam5	1
fam5	1
fam5	1
fam5	1
fam5	1
fam5	2
fam5	1
fam5	1
fam5	1
fam5	1
fam5	1
fam5	1
fam5	1
fam5	1
fam5	1
fam5	1
fam5	1
fam5	1
fam5	1
fam5	1
fam5	1
fam5	1
fam5	1
fam5	1
fam5	1
fam5	1
fam5	1
fam5	1
fam5	1
fam5	1
fam5	1
fam5	1
fam5	1
fam5	1
fam5	1
fam5	1
fam5	1
fam5	1
fam5	1
fam5	1
fam5	1
fam5	1
fam5	1
fam5	1
fam5	1
fam5	1
fam5	1
fam5	2
fam5	2
fam5	2
fam5	1
fam5	1
fam5	1
fam5	1
fam5	1
fam5	1
fam5	1
fam5	1
fam5	1
fam5	1
fam5	1
fam5	1
fam5	1
fam5	1
fam5	1
fam5	1
fam5	1
fam5	2
fam5	1
fam5	1
fam5	1
fam5	1
fam5	1
fam5	1
fam5	1
fam5	1
fam5	1
fam5	1
fam5	1
fam5	1
fam5	1
fam5	1
fam5	1
fam5	1
fam5	1
fam5	1
fam5	1
fam5	1
fam5	1
fam5	1
fam5	1
fam5	1
fam5	1
fam5	1
fam5	1
fam5	1
fam5	1
fam5	1
fam5	1
fam5	1
fam5	1
fam5	1
fam5	1
fam5	1
fam5	1
fam5	1
fam5	1
fam5	1
fam5	1
fam5	1
fam5	1
fam5	1
fam5	1
fam5	1
fam5	2
fam5	1
fam5	1
fam5	1
fam5	1
fam5	1
fam5	1
fam5	1
fam5	1
fam5	1
fam5	1
fam5	1
fam5	1
fam5	1
fam5	1
fam5	1
fam5	1
fam5	1
fam5	1
fam5	1
fam5	1
fam5	1
fam5	1
fam5	1
fam5	1
fam5	1
fam5	1
fam5	1
fam5	1
fam5	1
fam5	1
fam5	1
fam5	1
fam5	1
fam5	1
fam5	1
fam5	1
fam5	1
fam5	1
fam5	1
fam5	1
fam5	1
fam5	1
fam5	1
fam5	2
fam5	1
fam5	1
fam5	1
fam5	2
fam5	1
fam5	1
fam5	1
fam5	1
fam5	1
fam5	1
fam5	1
fam5	1
fam5	1
fam5	1
fam5	1
fam5	1
fam5	1
fam5	1
fam5	1
fam5	1
fam5	1
fam6	1
fam6	1
fam6	1
fam6	1
fam6	1
fam6	1
fam6	1
fam6	1
fam6	1
fam6	1
fam6	1
fam6	1
fam6	1
fam6	1
fam6	1
fam6	1
fam6	1
fam6	1
fam6	1
fam6	1
fam6	1
fam6	1
fam6	1
fam6	1
fam6	1
fam6	1
fam6	1
fam6	1
fam6	1
fam6	1
fam6	1
fam6	1
fam6	1
fam6	1
fam6	1
fam6	1
fam6	1
fam6	1
fam6	1
fam6	1
fam6	1
fam6	1
fam6	1
fam6	1
fam6	1
fam6	1
fam6	1
fam6	1
fam6	1
fam6	1
fam6	1
fam6	1
fam6	1
fam6	1
fam6	1
fam6	1
fam6	1
fam6	1
fam6	1
fam6	1
fam6	1
fam6	1
fam6	1
fam6	2
fam6	1
fam6	1
fam6	1
fam6	1
fam6	1
fam6	1
fam6	1
fam6	1
fam6	1
fam6	1
fam6	1
fam6	1
fam6	1
fam6	1
fam6	1
fam6	1
fam6	1
fam6	1
fam6	1
fam6	1
fam6	1
fam6	1
fam6	1
fam6	1
fam6	1
fam6	1
fam6	1
fam6	1
fam6	1
fam6	1
fam6	1
fam6	1
fam6	1
fam6	1
fam6	1
fam6	1
fam6	1
fam6	1
fam6	1
fam6	1
fam6	1
fam6	1
fam6	1
fam6	1
fam6	1
fam6	1
fam6	1
fam6	1
fam6	1
fam6	1
fam6	1
fam6	0
fam6	1
fam6	1
fam6	1
fam6	1
fam6	2
fam6	1
fam6	1
fam6	1
fam6	2
fam6	1
fam6	1
fam6	1
fam6	1
fam6	1
fam6	1
fam6	1
fam6	1
fam6	1
fam6	2
fam6	1
fam6	1
fam6	1
fam6	1
fam6	1
fam6	1
fam6	1
fam6	1
fam6	1
fam6	1
fam6	1
fam6	1
fam6	1
fam6	1
fam6	1
fam6	1
fam6	1
fam6	1
fam6	1
fam6	4
fam6	4
fam6	1
fam6	1
fam6	1
fam6	1
fam6	1
fam6	1
fam6	1
fam6	1
fam6	1
fam6	1
fam6	1
fam6	1
fam6	1
fam6	2
fam6	1
fam6	1
fam6	1
fam6	1
fam6	1
fam6	1
fam6	1
fam6	1
fam6	1
fam6	1
fam6	1
fam6	2
fam6	1
fam6	1
fam6	1
fam6	1
fam6	1
fam6	1
fam6	1
fam6	1
fam6	3
fam6	2
fam6	1
fam6	1
fam6	1
fam6	1
fam6	1
fam6	1
fam6	1
fam6	1
fam6	1
fam6	1
fam6	1
fam6	1
fam6	1
fam6	1
fam6	1
fam6	1
fam6	1
fam6	2
fam6	1
fam6	1
fam6	1
fam6	1
fam6	1
fam6	1
fam6	1
fam6	1
fam6	1
fam6	1
fam6	1
fam6	0
fam6	1
fam6	1
fam6	1
fam6	1
fam6	1
fam6	1
fam6	1
fam6	1
fam6	1
fam6	1
fam6	1
fam6	1
fam6	1
fam6	1
fam6	1
fam6	1
fam6	1
fam6	1
fam6	1
fam6	2
fam6	1
fam6	1
fam6	1
fam6	2
fam6	1
fam6	1
fam6	1
fam6	1
fam6	1
fam6	1
fam6	1
fam6	1
fam6	1
fam6	2
fam6	1
fam6	1
fam6	2
fam6	1
fam6	1
fam6	1
fam6	1
fam6	1
fam6	1
fam6	1
fam6	1
fam6	1
fam6	1
fam6	1
fam6	1
fam6	1
fam6	1
fam6	2
fam6	1
fam6	1
fam6	1
fam6	1
fam6	1
fam6	1
fam6	1
fam6	1
fam6	1
fam6	1
fam6	1
fam6	1
fam6	1
fam6	1
fam6	1
fam6	1
fam6	1
fam6	1
fam6	1
fam6	1
fam6	1
fam6	1
fam6	1
fam6	1
fam6	1
fam6	1
fam6	1
fam6	1
fam6	1
fam6	1
fam6	1
fam6	1
fam6	1
fam6	1
fam6	1
fam6	1
fam6	1
fam6	1
fam6	1
fam6	1
fam6	1
fam6	1
fam6	1
fam6	1
fam6	1
fam6	1
fam6	1
fam6	1
fam6	1
fam6	1
fam6	1
fam6	1
fam6	1
fam6	1
fam6	1
fam6	1
fam6	1
fam6	1
fam6	1
fam6	1
fam6	1
fam6	1
fam6	1
fam6	3
fam6	1
fam6	1
fam6	1
fam6	1
fam6	1
fam6	1
fam6	1
fam6	1
fam6	1
fam6	1
fam6	1
fam6	1
fam6	1
fam6	1
fam6	1
fam6	1
fam6	1
fam6	1
fam6	1
fam6	1
fam6	1
fam6	1
fam6	1
fam6	2
fam6	2
fam6	1
fam6	1
fam6	1
fam6	1
fam6	1
fam6	1
fam6	1
fam6	1
fam6	1
fam6	1
fam6	1
fam6	1
fam6	1
fam6	1
fam6	1
fam6	1
fam6	1
fam6	2
fam6	1
fam6	1
fam6	1
fam6	1
fam6	1
fam7	1
fam7	1
fam7	1
fam7	1
fam7	1
fam7	1
fam7	1
fam7	1
fam7	1
fam7	1
fam7	1
fam7	1
fam7	2
fam7	1
fam7	1
fam7	2
fam7	1
fam7	1
fam7	1
fam7	2
fam7	2
fam7	1
fam7	1
fam7	1
fam7	1
fam7	2
fam7	1
fam7	1
fam7	1
fam7	1
fam7	1
fam7	1
fam7	1
fam7	1
fam7	1
fam7	1
fam7	1
fam7	1
fam7	2
fam7	1
fam7	1
fam7	1
fam7	1
fam7	1
fam7	1
fam7	1
fam7	1
fam7	1
fam7	1
fam7	2
fam7	0
fam7	1
fam7	1
fam7	1
fam7	1
fam7	1
fam7	1
fam7	1
fam7	2
fam7	0
fam7	1
fam7	1
fam7	1
fam7	1
fam7	1
fam7	1
fam7	1
fam7	1
fam7	1
fam7	2
fam7	2
fam7	1
fam7	2
fam7	1
fam7	1
fam7	1
fam7	1
fam7	2
fam7	1
fam7	1
fam7	1
fam7	1
fam7	1
fam7	2
fam7	1
fam7	1
fam7	1
fam7	1
fam7	2
fam7	1
fam7	1
fam7	1
fam7	1
fam7	1
fam7	1
fam7	1
fam7	1
fam7	1
fam7	1
fam7	1
fam7	1
fam7	1
fam7	1
fam7	2
fam7	1
fam7	1
fam7	2
fam7	1
fam7	2
fam7	1
fam7	1
fam7	2
fam7	1
fam7	1
fam7	1
fam7	1
fam7	1
fam7	2
fam7	1
fam7	1
fam7	1
fam7	1
fam7	2
fam7	1
fam7	1
fam7	1
fam7	1
fam7	1
fam7	1
fam7	1
fam7	1
fam7	2
fam7	1
fam7	1
fam7	1
fam7	2
fam7	1
fam7	1
fam7	2
fam7	1
fam7	2
fam7	0
fam7	1
fam7	1
fam7	1
fam7	0
fam7	1
fam7	1
fam7	1
fam7	1
fam7	1
fam7	1
fam7	1
fam7	1
fam7	1
fam7	1
fam7	1
fam7	1
fam7	2
fam7	1
fam7	1
fam7	1
fam7	1
fam7	0
fam7	2
fam7	1
fam7	0
fam7	1
fam7	1
fam7	2
fam7	1
fam7	1
fam7	1
fam7	1
fam7	1
fam7	1
fam7	1
fam7	1
fam7	2
fam7	1
fam7	2
fam7	1
fam7	1
fam7	1
fam7	1
fam7	1
fam7	1
fam7	1
fam7	1
fam7	1
fam7	1
fam7	2
fam7	1
fam7	1
fam7	1
fam7	1
fam7	1
fam7	1
fam7	1
fam7	1
fam7	1
fam7	1
fam7	1
fam7	1
fam7	1
fam7	2
fam7	1
fam7	1
fam7	1
fam7	2
fam7	1
fam7	2
fam7	1
fam7	2
fam7	1
fam7	2
fam7	1
fam7	1
fam7	1
fam7	1
fam7	1
fam7	1
fam7	1
fam7	1
fam7	1
fam7	1
fam7	1
fam7	1
fam7	1
fam7	1
fam7	1
fam7	1
fam7	2
fam7	1
fam7	1
fam7	1
fam7	2
fam7	1
fam7	1
fam7	1
fam7	1
fam7	1
fam7	1
fam7	1
fam7	1
fam7	1
fam7	2
fam7	1
fam7	1
fam7	2
fam7	1
fam7	1
fam7	1
fam7	1
fam7	1
fam7	1
fam7	1
fam7	1
fam7	1
fam7	1
fam7	1
fam7	1
fam7	1
fam7	1
fam7	1
fam7	1
fam7	1
fam7	1
fam7	1
fam7	1
fam7	1
fam7	2
fam7	1
fam7	1
fam7	1
fam7	1
fam7	1
fam7	1
fam7	1
fam7	1
fam7	2
fam7	1
fam7	1
fam7	1
fam7	1
fam7	1
fam7	1
fam7	1
fam7	1
fam7	1
fam7	1
fam7	2
fam7	1
fam7	1
fam7	1
fam7	1
fam7	1
fam8	5
fam8	7
fam8	9
fam8	6
fam8	7
fam8	13
fam8	13
fam8	7
fam8	10
fam8	7
fam8	6
fam8	12
fam8	6
fam8	7
fam8	8
fam8	7
fam8	16
fam8	6
fam8	16
fam8	8
fam8	6
fam8	8
fam8	6
fam8	9
fam8	7
fam8	5
fam8	5
fam8	8
fam8	12
fam8	8
fam8	7
fam8	7
fam8	7
fam8	7
fam8	9
fam8	6
fam8	10
fam8	6
fam8	7
fam8	10
fam8	7
fam8	5
fam8	8
fam8	7
fam8	9
fam8	6
fam8	6
fam8	7
fam8	9
fam8	6
fam8	6
fam8	7
fam8	7
fam8	8
fam8	7
fam8	6
fam8	7
fam8	14
fam8	8
fam8	8
fam8	7
fam8	9
fam8	9
fam8	9
fam8	12
fam8	13
fam8	8
fam8	6
fam8	7
fam8	11
fam8	6
fam8	6
fam8	9
fam8	16
fam8	6
fam8	7
fam8	11
fam8	7
fam8	7
fam8	8
fam8	7
fam8	7
fam8	9
fam8	4
fam8	7
fam8	11
fam8	10
fam8	13
fam8	6
fam8	9
fam8	8
fam8	6
fam8	10
fam8	7
fam8	13
fam8	8
fam8	9
fam8	7
fam8	5
fam8	11
fam8	6
fam8	7
fam8	11
fam8	5
fam8	6
fam8	7
fam8	7
fam8	7
fam8	5
fam8	6
fam8	13
fam8	12
fam8	7
fam8	7
fam8	7
fam8	4
fam8	7
fam8	7
fam8	10
fam8	7
fam8	10
fam8	7
fam8	7
fam8	7
fam8	10
fam8	7
fam8	10
fam8	7
fam8	10
fam8	9
fam8	10
fam8	7
fam8	6
fam8	12
fam8	7
fam8	13
fam8	16
fam8	6
fam8	8
fam8	4
fam8	6
fam8	5
fam8	7
fam8	7
fam8	6
fam8	5
fam8	13
fam8	5
fam8	6
fam8	13
fam8	7
fam8	15
fam8	11
fam8	9
fam8	15
fam8	11
fam8	15
fam8	11
fam8	6
fam8	10
fam8	20
fam8	4
fam8	7
fam8	4
fam8	7
fam8	9
fam8	7
fam8	13
fam8	16
fam8	6
fam8	7
fam8	19
fam8	4
fam8	10
fam8	7
fam8	7
fam8	14
fam8	7
fam8	6
fam8	6
fam8	8
fam8	12
fam8	7
fam8	8
fam8	6
fam8	9
fam8	11
fam8	10
fam8	11
fam8	7
fam8	9
fam8	10
fam8	9
fam8	9
fam8	9
fam8	10
fam8	10
fam8	8
fam8	6
fam8	6
fam8	9
fam8	13
fam8	8
fam8	9
fam8	7
fam8	12
fam8	6
fam8	7
fam8	14
fam8	7
fam8	7
fam8	10
fam8	6
fam8	7
fam8	7
fam8	6
fam8	7
fam8	10
fam8	7
fam8	6
fam8	5
fam8	4
fam8	6
fam8	9
fam8	9
fam8	5
fam8	7
fam8	7
fam8	9
fam8	17
fam8	14
fam8	7
fam8	7
fam8	7
fam8	20
fam8	7
fam8	9
fam8	8
fam8	7
fam8	7
fam8	7
fam8	7
fam8	7
fam8	7
fam8	7
fam8	7
fam8	7
fam8	7
fam8	7
fam8	7
fam8	7
fam8	7
fam8	7
fam8	7
fam8	9
fam8	12
fam8	6
fam8	7
fam8	7
fam8	8
fam8	12
fam8	13
fam8	7
fam8	9
fam8	11
fam8	4
fam8	7
fam8	7
fam8	9
fam8	6
fam8	9
fam8	6
fam8	11
fam8	15
fam8	6
fam8	5
fam8	9
fam8	11
fam8	15
fam8	17
fam8	12
fam8	7
fam8	9
fam8	20
fam8	7
fam8	7
fam8	7
fam8	7
fam8	7
fam8	8
fam8	7
fam8	10
fam8	10
fam8	10
fam8	7
fam9	1
fam9	1
fam9	1
fam9	1
fam9	1
fam9	1
fam9	1
fam9	1
fam9	1
fam9	1
fam9	1
fam9	1
fam9	1
fam9	1
fam9	1
fam9	1
fam9	1
fam9	1
fam9	1
fam9	1
fam9	1
fam9	1
fam9	1
fam9	1
fam9	1
fam9	1
fam9	1
fam9	1
fam9	1
fam9	1
fam9	1
fam9	1
fam9	1
fam9	1
fam9	1
fam9	1
fam9	1
fam9	1
fam9	1
fam9	1
fam9	1
fam9	1
fam9	1
fam9	1
fam9	1
fam9	1
fam9	1
fam9	1
fam9	1
fam9	1
fam9	1
fam9	1
fam9	1
fam9	1
fam9	1
fam9	1
fam9	1
fam9	1
fam9	1
fam9	1
fam9	1
fam9	1
fam9	1
fam9	1
fam9	1
fam9	1
fam9	1
fam9	1
fam9	2
fam9	1
fam9	1
fam9	1
fam9	1
fam9	1
fam9	1
fam9	1
fam9	1
fam9	1
fam9	1
fam9	1
fam9	1
fam9	1
fam9	1
fam9	1
fam9	1
fam9	1
fam9	1
fam9	1
fam9	1
fam9	1
fam9	1
fam9	1
fam9	1
fam9	1
fam9	1
fam9	1
fam9	1
fam9	1
fam9	1
fam9	1
fam9	1
fam9	1
fam9	1
fam9	1
fam9	1
fam9	1
fam9	1
fam9	1
fam9	1
fam9	1
fam9	1
fam9	1
fam9	1
fam9	1
fam9	1
fam9	1
fam9	1
fam9	1
fam9	1
fam9	1
fam9	1
fam9	1
fam9	1
fam9	1
fam9	1
fam9	1
fam9	1
fam9	1
fam9	1
fam9	1
fam9	1
fam9	1
fam9	1
fam9	1
fam9	1
fam9	1
fam9	1
fam9	1
fam9	1
fam9	1
fam9	1
fam9	1
fam9	1
fam9	1
fam9	1
fam9	1
fam9	1
fam9	1
fam9	1
fam9	1
fam9	1
fam9	1
fam9	1
fam9	1
fam9	1
fam9	3
fam9	1
fam9	1
fam9	1
fam9	1
fam9	1
fam9	1
fam9	0
fam9	1
fam9	1
fam9	1
fam9	1
fam9	1
fam9	1
fam9	1
fam9	1
fam9	1
fam9	1
fam9	1
fam9	1
fam9	1
fam9	0
fam9	1
fam9	1
fam9	1
fam9	1
fam9	1
fam9	1
fam9	1
fam9	1
fam9	1
fam9	1
fam9	1
fam9	1
fam9	1
fam9	1
fam9	1
fam9	1
fam9	1
fam9	1
fam9	1
fam9	1
fam9	1
fam9	1
fam9	1
fam9	1
fam9	1
fam9	1
fam9	1
fam9	1
fam9	1
fam9	1
fam9	1
fam9	1
fam9	1
fam9	1
fam9	1
fam9	1
fam9	1
fam9	1
fam9	1
fam9	1
fam9	1
fam9	1
fam9	1
fam9	1
fam9	1
fam9	1
fam9	1
fam9	1
fam9	1
fam9	2
fam9	1
fam9	1
fam9	1
fam9	1
fam9	1
fam9	1
fam9	1
fam9	1
fam9	1
fam9	1
fam9	1
fam9	1
fam9	1
fam9	1
fam9	1
fam9	1
fam9	1
fam9	1
fam9	1
fam9	1
fam9	1
fam9	1
fam9	1
fam9	1
fam9	1
fam9	1
fam9	1
fam9	1
fam9	1
fam9	1
fam9	1
fam9	1
fam9	1
fam9	1
fam9	1
fam9	1
fam9	1
fam9	1
fam9	1
fam9	1
fam9	1
fam9	1
fam9	2
fam9	1
fam9	1
fam9	1
fam9	1
fam9	1
fam9	1
fam9	1
